Tag,Count
日本,3779
TV,3584
日本动画,2457
动画,2325
奇幻,2288
搞笑,2195
漫画改,2122
战斗,2108
漫改,2045
原创,2035
日常,1539
校园,1208
恋爱,1159
治愈,1130
剧场版,1090
热血,997
WEB,967
OVA,943
百合,926
科幻,906
续作,889
小说改,882
轻小说改,771
轻改,725
后宫,706
泡面番,684
TVA,645
游戏改,636
国产,605
短片,603
萌,582
3D,582
中国,558
动画电影,530
冒险,487
泡面,482
2023,450
国漫,438
异世界,429
2022,427
2021,421
2016,419
青春,412
2017,388
2018,388
轻百合,386
2014,384
电影,374
2019,368
2015,367
2020,364
2013,363
2016年,358
2012,344
2024,338
童年,334
欧美,330
卖肉,317
2020s,312
2015年,308
穿越,307
2011,302
2014年,301
季番,296
悬疑,296
2021年,296
2017年,295
2018年,295
2023年,289
音乐,281
2022年,280
2013年,275
国产动画,272
アニメ映画,272
美国,268
2019年,260
2012年,259
萝卜,258
机战,257
2010,255
萝莉,255
2010-2019,251
子供向,249
2020年,246
花泽香菜,242
肉,242
偶像,233
2010s,232
2024年,231
OAD,222
国创,221
番外,219
2020-2029,217
吐槽,214
映画,212
运动,212
剧情,206
竞技,203
肉番,201
喜剧,200
神作,197
中国动画,195
2011年,192
JUMP,191
Production.I.G,188
神谷浩史,186
ProductionI.G,182
基,182
龙傲天,182
猎奇,181
undefined,178
A-1Pictures,178
J.C.STAFF,176
SUNRISE,176
中村悠一,174
女性向,172
战争,167
屹青,166
2010年,165
乙女向,165
魔法,164
SP,159
漫画改编,158
SF,157
厕纸,155
魔法少女,154
已下载,153
励志,150
历史,149
短篇,148
美国动画,147
催泪,146
杉田智和,142
未确定,142
石田彰,140
Netflix,140
福利,139
福山润,138
樱井孝宏,135
推理,135
超能力,134
東映アニメーション,133
总集篇,133
东映,130
纯爱,129
TMS,128
宫野真守,127
游改,126
游戏,125
耽美,124
アニメ,123
劇場版,122
BL,121
玄幻,121
悠木碧,120
第二季,120
动作,117
东映动画,115
网文改,113
studiodeen,111
补标,111
原创动画,111
2022年10月,109
腐,108
2023年10月,108
半年番,107
动画短片,107
木村良平,106
职场,106
日漫,105
燃,104
SILVERLINK.,102
花澤香菜,100
サンライズ,100
萌系,100
Production_I.G,99
钉宫理惠,99
游戏改编,98
乙女,97
TMSEntertainment,96
致郁,95
BONES,94
2016年10月,94
少女,93
GAL改,93
早见沙织,92
堀江由衣,92
MADHouse,91
TVSP,91
2021年10月,91
小野大辅,90
福山潤,90
2023年4月,90
下野紘,89
2023年1月,89
逢坂良太,88
2018年10月,88
2022年4月,88
美漫,87
2019年10月,87
智斗,86
2021年1月,86
已保存,85
2018年4月,85
2016年4月,84
2022年7月,84
阿澄佳奈,83
吉田玲子,83
幼女向,83
妖怪,83
2020年10月,83
A-1,82
LIDENFILMS,82
A-1_Pictures,81
石川界人,81
续集,81
2023年7月,81
茅野爱衣,80
喜多村英梨,80
武侠,80
小松未可子,80
2019年1月,80
robo,79
梶裕贵,79
京阿尼,79
网游,79
机甲,79
2015年7月,79
2017年10月,79
横手美智子,78
芳文社,78
沙雕,78
内田真礼,78
トムス・エンタテインメント,77
a.Anime,77
佐仓绫音,77
2015年10月,77
2018年7月,77
OLM,76
f.日本,75
2021年4月,75
MAPPA,74
2016年7月,74
2020年1月,74
2024年7月,74
独立ova,73
2016年1月,73
转生,73
2022年1月,73
2024年1月,73
2024年4月,73
其它,72
成长,72
noitaminA,72
轻百,72
2017年4月,72
2021年7月,72
其他,71
能登麻美子,71
2014年10月,71
櫻井孝宏,70
剧集,70
梶裕貴,70
2014年4月,70
2015年4月,70
2017年1月,69
2018年1月,69
2019年4月,69
欢乐,68
anime,68
血腥,68
SHIN-EI,67
作画,67
花江夏樹,67
狗粮,67
2014年1月,67
体育,66
XEBEC,66
美食,66
手游改,66
シンエイ動画,65
10月,65
魔幻,65
WITSTUDIO,65
2014年7月,65
未定档,65
早見沙織,64
党争,64
StudioPierrot,64
欧美动画,64
新番,64
萌豚,64
2017年7月,64
2020年4月,64
动画工房,63
糟糕,63
电波,63
年番,63
BrainsBase,63
2012年10月,63
7,63
2011年4月,63
松岡禎丞,63
2013年7月,63
2013年10月,63
OVA&OAD,62
动物,62
表,62
松冈祯丞,62
SILVER_LINK.,62
装逼,62
2024年10月,62
轻小说,61
井上麻里奈,61
AIC,61
正太,61
京都动画,61
京都アニメーション,61
泽野弘之,61
群像,61
广告,61
CloverWorks,61
泽城美雪,60
细谷佳正,60
スタジオディーン,59
科普,59
可独立观赏,59
動画工房,59
SHAFT,59
金元寿子,59
2012年4月,59
小西克幸,58
京都,58
爱情,58
内田雄馬,58
2019年7月,58
井口裕香,57
东山奈央,57
沢城みゆき,56
治愈系,56
漫画,56
亲情,56
bilibili,56
岸诚二,56
运动番,56
MV,56
斉藤壮馬,56
2013年4月,56
2020年7月,56
骨头社,55
ぴえろ,55
Satelight,55
少女向,54
吸血鬼,54
横山克,54
7分,54
4月,54
迪士尼,53
剧场,53
花田十辉,53
内山昂辉,53
单元剧,53
待田堂子,53
表番,53
续期,53
柿原徹也,52
新房昭之,52
東山奈央,52
CM,52
2012年7月,52
入野自由,51
恶搞,51
伪娘,51
宮野真守,51
Lerche,51
水瀬いのり,51
2015年1月,51
【ANIME】TV丨日本,50
冈本信彦,50
诹访部顺一,50
2013年1月,50
同人,49
无,49
津田健次郎,49
高达,49
Type-Moon,49
6分,49
2011年7月,49
内山昂輝,49
绘梦,49
2010年10月,48
补番,48
岸誠二,48
サテライト,48
四月番,48
NTR,47
节操,47
脑洞,47
GUNDAM,47
坂本真绫,47
废萌,47
恐怖,47
8bit,47
大河内一楼,47
1月,47
Disney,46
黑暗,46
短片集,46
小剧场,46
P.A.WORKS,46
露点,46
独立动画,46
有生之年,46
腾讯,46
竹达彩奈,45
10年代,45
里番,45
Feel.,45
兄妹,45
军事,45
Fate,45
小说改编,45
8-Bit,45
前野智昭,45
高桥李依,45
无法预测的命运之舞台,45
7月,44
巨乳,44
小野大輔,44
逆后宫,44
伊藤静,44
STUDIO_DEEN,44
黒田洋介,44
犯罪,44
番剧,44
2011年10月,44
中日合作,44
2012年1月,44
花田十輝,44
第三季,44
2010年4月,43
日笠阳子,43
6,43
高梨康治,43
ufotable,43
拟人,43
5分,43
小林裕介,43
长剧集,43
独立剧场版,42
鈴村健一,42
子安武人,42
三森すずこ,42
户松遥,42
Diomedéa,42
細谷佳正,42
佐倉綾音,42
水岛努,41
佐藤利奈,41
pokemon,41
光之美少女,41
プリキュア,41
黑田洋介,41
岸本卓,41
TMS_Entertainment,41
水濑祈,41
梅原裕一郎,41
浪川大辅,40
精灵宝可梦,40
宝可梦,40
大长篇,40
川井宪次,40
澤野弘之,40
家庭,40
SANZIGEN,40
三次元,40
WIT_STUDIO,40
ZEXCS,39
妹控,39
水島努,39
岡本信彦,39
劇場版アニメ,39
オリジナル,39
改编,39
Studio五组,39
Studio五組,39
铃村健一,38
腐向,38
中原麻衣,38
吉野弘幸,38
梶浦由记,38
『剧场版』,38
惊悚,38
高橋李依,38
追番,38
长篇,37
轮回,37
Diomedea,37
特摄,37
KINEMACITRUS,37
projectNo.9,37
梶浦由記,37
公路片,37
2010年7月,36
垃圾,36
草尾毅,36
岡田麿里,36
WHITEFOX,36
冈田麿里,36
乐队,36
龙之子,35
柯南,35
田村ゆかり,35
PIERROT,35
少女漫,35
BNPictures,35
タツノコプロ,34
Animation,34
答辩,34
マンガ原作,34
名侦探柯南,34
名探偵コナン,34
水树奈奈,34
GONZO,34
釘宮理恵,34
声优,34
大沼心,34
中二,34
末世,34
种田梨沙,34
瀬古浩司,34
川口敬一郎,33
烂尾,33
上江洲诚,33
虚渊玄,33
davidproduction,33
石川由依,33
花江夏树,33
鬼頭明里,33
多田俊介,32
吉野裕行,32
CG,32
TelecomAnimationFilm,32
森川智之,32
日高里菜,32
TV动画,32
高木登,32
サンジゲン,32
正常,32
島﨑信長,32
雨宫天,32
辱华,32
猫,31
日笠陽子,31
神奇宝贝,31
立花慎之介,31
赛博朋克,31
戸松遥,31
川井憲次,31
SevenArcs,31
下限,31
小丑社,31
卡牌,31
PolygonPictures,31
和风,31
机器人,31
丰崎爱生,31
『TVA』,31
外传,31
社团,31
20年代,31
2011年1月,30
10,30
十月番,30
友情,30
中井和哉,30
岩崎琢,30
玄机科技,30
一迅社,30
諏訪部順一,30
种田,30
扭曲,30
兽耳,29
铃木达央,29
鈴木達央,29
妹,29
神前晓,29
TYOAnimations,29
PV,29
david_production,29
修仙,29
霸权,29
¬,28
浪川大輔,28
关智一,28
龙之子Production,28
偶像大师,28
志茂文彦,28
政治,28
濑古浩司,28
卖萌,27
战国,27
水樹奈々,27
GoHands,27
梦工厂,27
Brain,27
元永庆太郎,27
元永慶太郎,27
SILVERLINK,27
小林靖子,27
动画未来,27
七月番,27
豊崎愛生,27
重制,27
韩国,27
Passione,27
ZERO-G,27
中年,27
pixar,26
人生,26
汤山邦彦,26
dc,26
特典,26
今千秋,26
东方,26
orange,26
Seven,26
KINEMA_CITRUS,26
TRIGGER,26
cygames,26
惨遭动画化,26
恋爱喜剧,26
凤傲天,26
仓田英之,25
经典,25
SEVEN・ARCS,25
STUDIOPUYUKAI,25
HoodsEntertainment,25
冈田磨里,25
IM@S,25
性转,25
江口拓也,25
雨宮天,25
本渡楓,25
DLE,24
游佐浩二,24
重口,24
棒球,24
口袋妖怪,24
平野绫,24
movie,24
東方Project,24
博史池畠,24
中推,24
青年动画制作者育成计划,24
反乌托邦,24
型月,24
綾奈ゆにこ,24
茅野愛衣,24
EMT2,24
SIGNAL.MD,24
皮克斯,23
超级英雄,23
空,23
温情,23
手塚PRODUCTION,23
小仓唯,23
GET,23
颜艺,23
大地丙太郎,22
竹達彩奈,22
2010年1月,22
日野聪,22
林原めぐみ,22
Actas,22
阿部敦,22
伊藤加奈惠,22
傲娇,22
佐藤順一,22
坂本真綾,22
石原立也,22
少女系,22
法国,22
西尾维新,22
田中仁,22
近藤隆,22
特别篇,22
Bushiroad,22
上坂すみれ,22
ILCA,22
CONNECT,22
2016年3月,22
小原好美,22
童年回忆,21
冲方丁,21
GAINAX,21
Arms,21
小清水亚美,21
大森贵弘,21
宅,21
斋藤千和,21
CLAMP,21
佐藤顺一,21
関智一,21
荒木哲郎,21
格斗,21
神保昌登,21
逆天,21
进击的巨人,21
伊藤美来,21
2016年12月,21
Manglobe,20
SynergySP,20
宠物小精灵,20
方特动漫,20
LOLI,20
neta,20
灵异,20
伊藤かな恵,20
東方,20
Graphinica,20
宇宙战舰大和号,20
C2C,20
讽刺,20
渡辺歩,20
渡边步,20
定格动画,20
2013年12月,20
胃疼,20
魔女,20
4分,20
神话,20
EMTSquared,20
废土,19
爆笑,19
幻想,19
桑岛法子,19
鲁邦三世,19
大森貴弘,19
佐藤卓哉,19
西尾維新,19
植田佳奈,19
東映,19
谷口悟朗,19
柿原彻也,19
虚淵玄,19
5,19
ProductionIMS,19
Production.IMS,19
种崎敦美,19
WHITE_FOX,19
2015年3月,19
仙侠,19
喵帕斯记录~,18
GATHERING,18
蜡笔小新,18
今石洋之,18
key,18
外崎春雄,18
高松信司,18
喜羊羊与灰太狼,18
海贼王,18
TNK,18
变身,18
加藤英美里,18
奈须蘑菇,18
小野学,18
2012年12月,18
可爱,18
手冢Production,18
2013年10月秋アニメ,18
牛尾宪辅,18
情怀,18
Studio3Hz,18
2015年11月,18
2016年11月,18
BanGDream,18
2018年12月,18
哆啦A梦,17
足球,17
神山健治,17
水島精二,17
玩梗,17
青山刚昌,17
三木真一郎,17
汤浅政明,17
BRIDGE,17
旭production,17
奥斯卡,17
秋田谷典昭,17
沙发套,17
日番,17
田中公平,17
僵尸,17
河森正治,17
神前暁,17
NHK,17
2012年8月,17
物语系列,17
Colorido,17
StudioColorido,17
LoveLive！,17
LoveLive,17
2015年12月,17
2014年12月,17
ScienceSARU,17
怪谈,17
异能,17
種﨑敦美,17
养女儿,17
20,17
TV（集数1-49）,16
不到7分,16
CoMixWaveFilms,16
asread,16
林原惠,16
樱井弘明,16
内涵,16
亚细亚堂,16
童话,16
水岛精二,16
设定,16
高垣彩阳,16
山田尚子,16
太田雅彦,16
钉宫,16
意识流,16
斎藤千和,16
社会,16
蒸汽朋克,16
士郎正宗,16
NOMAD,16
已收录(BDRip),16
温馨,16
StudioKAI,16
黑道,16
david.production,16
大卫社,16
KINEMA.CITRUS,16
TROYCA,16
millepensee,16
公路,16
furry,16
三国,15
山本宽,15
绿川光,15
妹妹,15
Warner.Bros.Animation,15
朴璐美,15
湯浅政明,15
黄段子,15
空战,15
打斗,15
ArtLand,15
漫才,15
丧尸,15
数码宝贝,15
静野孔文,15
2011年1月番,15
二期,15
空气系,15
Q版,15
小俣真一,15
畠山守,15
人外,15
川面真也,15
1,15
渡辺明夫,15
RWBY,15
排球,15
音乐改,15
B站,15
2016年9月,15
我的英雄学院,15
2017年2月,15
邦邦,15
白毛,15
2019年11月,15
爽片,15
涩涩,15
神魔,14
妖精的尾巴,14
银他妈,14
银魂,14
枪战,14
名冢佳织,14
亜細亜堂,14
digimon,14
日常系,14
篮球,14
大逃杀,14
生活,14
七分,14
有妖气,14
EncourageFilms,14
赤城博昭,14
牛尾憲輔,14
山寺宏一,14
排球少年,14
2016年8月,14
C-Station,14
朱夏,14
2018年3月,14
鬼灭之刃,14
中篇动画,14
七星,13
I.G,13
衍生,13
崩坏,13
新番记录,13
电视,13
人设,13
Marvel,13
推荐,13
山本泰一郎,13
料理,13
Studio4℃,13
坑,13
长井龙雪,13
長井龍雪,13
人性,13
赛车,13
黑帮,13
西村纯二,13
茅原实里,13
兄控,13
英雄联盟,13
及川啓,13
青木英,13
川原砾,13
宇宙,13
物语,13
立川让,13
天冲,13
天衝,13
熊出没,13
渡航,13
排球！！,13
Lay-duce,13
NAZ,13
田口智久,13
米田和弘,13
体育番,13
OVERLORD,13
骨傲天,13
狐妖小红娘,13
AXsiZ,13
FGO,13
PINEJAM,13
观看史,13
loundraw,13
横滨AnimationLABO,13
GeekToys,13
米哈游,13
2021年6月,13
吉卜力,12
藤子・F・不二雄,12
GAL,12
Ordet,12
龙珠,12
无下限,12
鷺巣詩郎,12
蝙蝠侠,12
基情,12
新井里美,12
茅原実里,12
女仆,12
八星,12
川澄绫子,12
成田良悟,12
平井久司,12
神展开,12
金崎贵臣,12
増井壮一,12
清新,12
安藤真裕,12
女神异闻录,12
攻壳机动队,12
井上喜久子,12
中二病,12
黑丝,12
生存,12
雨宮哲,12
刀剑神域,12
山本裕介,12
白组,12
安藤正臣,12
JOJO,12
立川譲,12
京極尚彦,12
LoveLive!,12
国产连载动画,12
若森,12
及川启,12
怪异,12
富野由悠季,12
W-toonStudio,12
種田梨沙,12
2015年6月,12
续篇,12
Signal-MD,12
田中芳樹,12
田中芳树,12
2017年12月,12
超现实,12
崩坏3,12
Engi,12
恶役大小姐,12
超自然系,11
CARTOONNETWORK,11
10S,11
鸟山明,11
病娇,11
漫威,11
马越嘉彦,11
时代剧,11
伊藤智彦,11
五十岚卓哉,11
StudioComet,11
火影忍者,11
侦探歌剧,11
FANS向,11
奈须きのこ,11
大平晋也,11
东方project,11
秦时明月,11
少年,11
恶魔,11
渡部高志,11
中国元素,11
CoMixWave,11
満福神社,11
幻想万华镜,11
贞本义行,11
菅野洋子,11
PERSONA,11
⊘中国,11
韩漫,11
SAO,11
codegeass,11
奈須きのこ,11
JOJO的奇妙冒险,11
Khara,11
Free!,11
无厘头,11
业界,11
虐狗,11
FelixFilm,11
期待在地下城邂逅有错吗,11
暴雪,11
守望先锋,11
游戏宣传片,11
斗破苍穹,11
StudioA-CAT,11
OkurutoNoboru,11
2019年9月,11
MAHOFILM,11
GHIBLI,10
耽美系,10
たつき,10
中庸,10
佐伯昭志,10
变态,10
幼女,10
松本理惠,10
动漫,10
Aniplex,10
林原惠美,10
麻枝准,10
古橋一浩,10
榎户洋司,10
NARUTO,10
反战,10
Hasbro,10
MLP,10
暴力美学,10
原创动力,10
東方M-1,10
同人动画,10
松尾衡,10
哥特,10
数码暴龙,10
永井豪,10
忍者,10
小倉唯,10
石立太一,10
绿川幸,10
文艺,10
あおきえい,10
Nitro+,10
日升,10
夏目真悟,10
鲁鲁修,10
SONY,10
津田尚克,10
荒木飞吕彦,10
PSYCHO-PASS,10
ONE,10
板村智幸,10
庵野秀明,10
福井晴敏,10
神風動画,10
还行,10
特摄改,10
林祐一郎,10
七大罪,10
2015年5月,10
2015年8月,10
重生,10
爽文,10
CygamesPictures,10
大火鸟文化,10
銀河英雄伝説,10
银河英雄传说,10
BiburyAnimationStudios,10
三渲二,10
羊宮妃那,10
YostarPictures,10
7.5,9
kuso,9
浅香守生,9
押井守,9
青年向,9
石浜真史,9
工口,9
脑补,9
望月智充,9
强袭魔女,9
古桥一浩,9
My_Little_Pony,9
梦想,9
完结,9
暴力,9
南方公园,9
吉浦康裕,9
ONEPIECE,9
井上和彦,9
杀必死,9
软妹,9
六分,9
前传,9
LOL,9
摇曳百合,9
中村春菊,9
小岛正幸,9
攻殻機動隊,9
夏目友人帐,9
雨宫哲,9
重制版,9
浪漫,9
田中将贺,9
佐藤龙雄,9
少女与战车,9
虐,9
荒木飛呂彦,9
抽象,9
k,9
第一季,9
渡边信一郎,9
偶像活动,9
胃药,9
2013年9月,9
魔法少女☆伊莉雅,9
联动,9
木村隆一,9
苇PRODUCTION,9
约会大作战,9
柳伸亮,9
第二期,9
8,9
武士,9
honeyworks,9
已下,9
末日,9
扳机社,9
Re:从零开始异世界生活,9
复仇,9
梅原翔太,9
7+,9
8分,9
神风动画,9
Genostudio,9
关于我转生变成史莱姆这档事,9
黄金神威,9
DMM.futureworks,9
drive,9
LapinTrack,9
没看全,8
少年向,8
抄袭,8
AdventureTime,8
テレビアニメ,8
山内重保,8
四格,8
喜欢,8
外星人,8
游戏王,8
川澄綾子,8
魔法禁书目录,8
梅津泰臣,8
DreamWorks,8
新选组,8
黄段子学生会,8
妄想学生会,8
御姐,8
中島かずき,8
銀魂,8
锦织敦史,8
群像剧,8
重口味,8
SouthPark,8
农业,8
视美,8
鬼怪,8
赤井俊文,8
林直孝,8
无口,8
佐藤大,8
完结篇,8
机娘,8
A・C・G・T,8
新海诚,8
新海誠,8
代永翼,8
美少女战士,8
牧野由依,8
石田祐康,8
久米田康治,8
夏目友人帳,8
魔法少女小圆,8
寒木春华,8
鸭志田一,8
鴨志田一,8
荒牧伸志,8
黑子的篮球,8
松本零士,8
动画剧集,8
捏他,8
ヤオヨロズ,8
丸户史明,8
丸戸史明,8
2013年5月,8
吉成曜,8
藤原佳幸,8
迫井政行,8
舰娘,8
长滨博史,8
弐瓶勉,8
Nexus,8
機動戦士ガンダム,8
『ONA』,8
彩虹小马,8
第一视角,8
日本アニメーション,8
艺画开天,8
架空,8
文豪野犬,8
李豪凌,8
谍战,8
旅行,8
斗罗大陆,8
赛马娘,8
赤坂明,8
反套路,8
fmt.TV,8
動畫片,8
若山詩音,8
开挂无敌,8
若木民喜,7
奈亚子,7
潜行吧！奈亚子,7
待看,7
香菜,7
保志总一朗,7
狗血,7
童年系列,7
湯山邦彦,7
轻松,7
破刃之剑,7
高桥良辅,7
APH,7
黑塔利亚,7
国拟人,7
平野綾,7
迪斯尼,7
久保带人,7
遊☆戯☆王,7
炮姐,7
田中理惠,7
水墨,7
薄樱鬼,7
中泽一登,7
超展开,7
新房,7
火影,7
蘑菇,7
武本康弘,7
小池健,7
无头骑士异闻录,7
デュラララ!!,7
喵,7
神户守,7
猫娘,7
境宗久,7
安藤裕章,7
讲谈社,7
姐弟,7
未看完,7
超英,7
阿卡林,7
怀旧,7
荒川弘,7
现实,7
番外篇,7
心理,7
桂正和,7
雪野五月,7
2012年11月,7
OLMTEAMOTA,7
麻将,7
头文字D,7
反叛的鲁路修,7
中二病也要谈恋爱,7
黒子のバスケ,7
东映animation,7
小林宽,7
鹭巢诗郎,7
战车道,7
战车,7
渡辺信一郎,7
暗芝居,7
出合小都美,7
暗杀教室,7
北京若森数字科技有限公司,7
瑞克和莫蒂,7
噬血狂袭,7
喵帕斯,7
悠哉日常大王,7
tv-s,7
河村智之,7
结城友奈是勇者,7
神经病,7
FanWorks,7
久弥直树,7
璀璨星空,7
食戟之灵,7
吹响！悠风号,7
AI,7
高桥留美子,7
CreatorsinPack,7
studioVOLN,7
舞台,7
亚人,7
歌番,7
EMTスクエアード,7
2016年5月,7
一人之下,7
2016年2月,7
追光动画,7
朴性厚,7
好传动画,7
羽原信义,7
FLATSTUDIO,7
安済知佳,7
NUT,7
小疯映画,7
玄机,7
2019年12月,7
Re:ゼロから始める異世界生活,7
2020年3月,7
2021年11月,7
LINDENFILMS,7
miHoYo,7
未保存,7
2023秋,7
只有神知道的世界,6
galgame,6
久石让,6
宮崎駿,6
感动,6
森久保祥太郎,6
Short_film,6
冈村天斋,6
leaf,6
破鞋之剑,6
不错,6
悲剧,6
魔炮,6
魔法少女奈叶,6
大学,6
蓝弧,6
死神,6
BLEACH,6
小黄人,6
女皇之刃,6
山口胜平,6
民工,6
高村和宏,6
姐控,6
萌马四代,6
传说系列,6
錦織敦史,6
森见登美彦,6
小见川千明,6
好看,6
子供,6
Production.IG,6
天野明,6
黑执事,6
生化危机,6
MMD,6
网球王子,6
青之驱魔师,6
吉原正行,6
畑健二郎,6
会川升,6
會川昇,6
ONA,6
圣斗士,6
Macross,6
超时空要塞,6
菅野よう子,6
西明日香,6
美妙旋律,6
5pb.,6
板垣伸,6
腾讯动漫,6
几原邦彦,6
MTJJ,6
幽灵,6
补,6
田中ロミオ,6
深崎暮人,6
妹系,6
佳作,6
剑风传奇,6
三浦建太郎,6
鹤卷和哉,6
鶴巻和哉,6
2013年8月,6
田中将賀,6
伊藤尚往,6
独立OVA、OAD、特番,6
我的青春恋爱物语果然有问题,6
大老师,6
春物,6
石平信司,6
暗殺教室,6
绪方惠美,6
内海紘子,6
环保,6
黑白小姐,6
Rick_and_Morty,6
2014年11月,6
堀口悠紀子,6
2014年2月,6
告白实行委员会,6
小野賢章,6
WIXOSS,6
东京喰种,6
东京食尸鬼,6
马男波杰克,6
京吹,6
那年那兔那些事儿,6
RoosterTeeth,6
中国唱诗班,6
BLADE,6
押山清高,6
为美好的世界献上祝福,6
素晴,6
鲁路修,6
兽娘动物园,6
台风Graphics,6
来自深渊,6
PlatinumVision,6
冈本学,6
BN_Pictures,6
画江湖,6
萌王,6
刺客伍六七,6
非人哉,6
JK,6
2019年2月,6
2019年3月,6
2019年6月,6
辉夜大小姐想让我告白,6
Bibury,6
科学,6
湊未來,6
SUNRISEbeyond,6
古賀一臣,6
明日方舟,6
TOHOanimationSTUDIO,6
2023年12月,6
神大人,5
宫崎骏,5
flash,5
文学少女,5
网络动画,5
supercell,5
宽叔,5
教育片,5
坑爹,5
鬼畜,5
棒球大联盟,5
番外性质,5
YL,5
森脇真琴,5
向阳素描,5
米国,5
正义联盟,5
触手,5
超电磁炮,5
肉片,5
出包王女,5
ToLoveる,5
一般向,5
飞天小裤裤,5
锦织博,5
神配乐,5
我叫MT,5
動畫,5
藤岛康介,5
小畑健,5
森見登美彦,5
池袋,5
龙骑士07,5
意义不明,5
OP,5
苍穹之法芙娜,5
玉响,5
绅士,5
小林ゆう,5
LEVEL5,5
猪猪侠,5
一骑当千,5
好画风,5
手冢治虫,5
手塚治虫,5
緑川光,5
桑原智,5
IS,5
二〇一一年,5
能登,5
上村泰,5
便当,5
空之境界,5
神,5
Atlus,5
回忆,5
杀人网球,5
魁拔,5
青青树,5
都築真紀,5
赌博,5
少年jump,5
中村健治,5
吐糟,5
幾原邦彦,5
良心作,5
落语,5
石塚敦子,5
蜘蛛侠,5
境界的彼方,5
加速世界,5
口袋怪兽,5
2012年9月,5
王者天下,5
元气少女缘结神,5
克苏鲁神话,5
交响诗篇,5
日美合作,5
神棍,5
中村亮介,5
福田己津央,5
十万个冷笑话,5
Brain’sBase,5
鬼父,5
第四季,5
貞本義行,5
战姬绝唱,5
EVA,5
齐木楠雄的灾难,5
森本晃司,5
拳击,5
篠原俊哉,5
皮卡丘,5
早见纱织,5
钻石王牌,5
2013年11月,5
弹丸论破,5
京极尚彦,5
草川啓造,5
飙速宅男,5
向山进发,5
宫本幸裕,5
动画史上绝无仅有的神作,5
2014年3月,5
増田俊郎,5
内涵系,5
満仲勧,5
2014年8月,5
村瀬歩,5
2014年9月,5
龙轮直征,5
灰色系列,5
贺东招二,5
StudioMIR,5
绘梦动画,5
魔法科高校的劣等生,5
平行世界,5
摇滚,5
鬼灯的冷彻,5
请问您今天要来点兔子吗？,5
京剧猫,5
古川知宏,5
ファンワークス,5
ラレコ,5
2015年9月,5
七创社,5
加藤誠,5
高橋留美子,5
娃娃鱼动画,5
矶光雄,5
CRAFTAR,5
大推,5
201610,5
2016年6月,5
奥特曼,5
山下大輝,5
中国原作改编,5
中日,5
村濑步,5
長月達平,5
渡邊政治,5
渡边政治,5
为美好的世界献上祝福！,5
桜井弘明,5
灵能百分百,5
魔法使的新娘,5
韩国原作改编,5
GEMBA,5
2017年3月,5
哥斯拉,5
2017年11月,5
美食番,5
2017年8月,5
田村正文,5
大张正己,5
大張正己,5
恶魔城,5
番,5
全职高手,5
TⅤ,5
摇曳露营△,5
露营,5
擅长调情的西片太太,5
擅长捉弄的高木同学,5
GL,5
歌剧,5
加藤敏幸,5
SSSS.GRIDMAN,5
邪神与厨二病少女,5
马娘,5
平牧大輔,5
社畜,5
反华,5
新石纪,5
小太刀右京,5
StudioGaina,5
三浦和也,5
良作,5
斎藤圭一郎,5
斋藤圭一郎,5
St.Signpost,5
总之就是非常可爱,5
网飞,5
StudioBind,5
楠木ともり,5
高尔夫,5
福煦影视,5
中影年年,5
家庭喜剧,5
间谍过家家,5
Production+h.,5
studioMOTHER,5
神漫文化,5
恶役,5
月虹,5
高柳滋仁,4
下野纮,4
ovaoad,4
OVA·OAD,4
海绵宝宝,4
谷川流,4
雷,4
小野坂昌也,4
未来日记,4
小说,4
艺术,4
日丸屋秀和,4
米林宏昌,4
伏见司,4
Illumination,4
变形金刚,4
DC.Comics,4
BEETRAIN,4
大坑,4
某科学的超电磁炮,4
御坂美琴,4
村瀬修功,4
FLASH动画,4
Yoooooooo!!,4
轻音,4
天文,4
WORKING,4
平池芳正,4
黑白,4
镰池和马,4
姐姐,4
UC,4
大小姐,4
wow,4
Saber,4
我的小马驹,4
Comedy_Central,4
DRRR!!,4
片渕須直,4
伦理,4
蒼樹うめ,4
StudioBlanc.,4
天然呆,4
少年系,4
笨蛋测验召唤兽,4
秀吉,4
笨蛋,4
原惠一,4
西游记,4
闪电十一人,4
上海美术电影制片厂,4
滑头鬼之孙,4
capcom,4
田村,4
梶浦由紀,4
猎人,4
明坂聡美,4
石馆光太郎,4
脱力,4
石ダテコー太郎,4
功夫熊猫,4
2011年6月,4
村田莲尔,4
模型,4
寒蝉鸣泣之时,4
保志総一朗,4
2011年12月,4
推理系,4
妄想,4
森田修平,4
名作之壁,4
旋风管家,4
我的朋友很少,4
我的后宫很多,4
平坂読,4
伪百合,4
村山功,4
圣光,4
黄伟明,4
幻想嘉年华,4
2011年8月,4
大槻敦史,4
信PA得画质,4
空の境界,4
两仪式,4
真实系,4
蓝天工作室,4
毁童年,4
falcom,4
細田直人,4
大人女子のアニメタイム,4
TheAnswerStudio,4
亀井幹太,4
村田和也,4
命运石之门,4
5pb,4
人生的意义,4
必看,4
花牌,4
罗小黑战记,4
小马,4
星游记,4
骚年们,4
宇宙戦艦ヤマト2199,4
大和号,4
いしづかあつこ,4
key社,4
普通,4
狗神煌,4
平川大輔,4
2012年6月,4
精灵,4
感人,4
橋本昌和,4
业界良心,4
钓鱼,4
魔笛MAGI,4
非日漫,4
水墨风,4
三瓶由布子,4
合体,4
MUV-LUV,4
伊藤润二,4
平尾隆之,4
D×D,4
红白黑黄,4
細田守,4
细田守,4
スタジオ地図,4
小清新,4
心理测量者,4
降世神通,4
科拉传奇,4
少女和战车,4
新世纪福音战士,4
松本理恵,4
大島ミチル,4
藤田陽一,4
阪口大助,4
黄金拼图,4
2013年3月,4
贵圈真乱,4
玉村仁,4
长崎健司,4
足立慎吾,4
LittleBusters！,4
兼用卡多,4
岩井俊二,4
金子彰史,4
苍蓝钢铁的琶音,4
窪岡俊之,4
須藤友徳,4
蟲師,4
漆原友紀,4
虫师,4
空灵,4
白箱,4
动画制作,4
SHIROBAKO,4
石黑恭平,4
毒鸡汤,4
12岁,4
希德尼娅的骑士,4
2014年6月,4
怪盗Joker,4
寺本幸代,4
橘正紀,4
龍輪直征,4
七人魔法使,4
野良神,4
2014年5月,4
宗教,4
.,4
牙狼,4
抗中奇侠,4
季番組,4
美产,4
巴哈姆特之怒,4
新妹魔王的契约者,4
伊莉雅,4
矢野雄一郎,4
浜口史郎,4
凹凸世界,4
一拳超人,4
2015年十月番,4
スタジオ雲雀,4
加藤阳一,4
浅井義之,4
逗比,4
畑博之,4
大野敏哉,4
剧中剧,4
加藤诚,4
彩色铅笔,4
Tomovies,4
Q娃,4
血界战线,4
阿松,4
カントク,4
村野佑太,4
甲铁城的卡巴内利,4
日本改编中国作品,4
WAOWorld,4
自行车,4
上田丽奈,4
domerica,4
M・A・O,4
暴雪影业,4
将棋,4
三体,4
刘慈欣,4
伤物语,4
尾石达也,4
Aqours,4
酒井和男,4
现代国产网络动画已看合集,4
木村泰大,4
2017年9月,4
濑下宽之,4
全金属狂潮,4
铃木洋平,4
2017年5月,4
颱風グラフィックス,4
長崎健司,4
电视动画,4
肥塚正史,4
世界系,4
竹下良平,4
岡本学,4
STUDIOPONOC,4
大空直美,4
若林信,4
二〇一八年,4
EkachiEpilka,4
百瀬義行,4
2018年2月,4
少年歌行,4
刃牙,4
8+,4
REVOROOT,4
小林寛,4
工作细胞,4
山村卓也,4
pop子和pipi美的日常,4
TＶ,4
阴阳师,4
京極義昭,4
京极义昭,4
紫罗兰永恒花园,4
少女歌剧,4
水上悟志,4
青春猪头少年系列,4
IDOLiSH7,4
羽毛球,4
米山舞,4
2019夏,4
福岛祐一,4
2019年8月,4
st.SILVER,4
虚构推理,4
LARXENTERTAINMENT,4
盐谷直义,4
石井俊匡,4
hao,4
水果篮子,4
BAKKENRECORD,4
サエッタ,4
霓虹,4
Wolfsbane,4
2020年12月,4
实验动画,4
武士道,4
我的英雄學院,4
原力动画,4
影之诗,4
幻维数码,4
启缘映画,4
山本健,4
Sublimation,4
凡人修仙传,4
古风,4
存盘,4
鹰角网络,4
StudioPalette,4
无职转生,4
スタジオKAI,4
榎木淳弥,4
NipponAnimation,4
福煦,4
長谷川育美,4
YOASOBI,4
分子互动,4
大西沙織,4
2022年11月,4
屎,4
幼驯染,4
猪原健太,4
我推的孩子,4
2023年3月,4
SAN值,3
人兽,3
茗记,3
蓝天可凡,3
二〇一〇年,3
2010年12月,3
哆啦A夢,3
已完结,3
黑岩射手,3
山寨,3
玩具总动员,3
2009,3
森田成一,3
オー・エル・エム,3
搅基,3
童年系,3
王道向,3
我妻由乃,3
天野远子,3
井上心叶,3
壳中少女,3
装甲骑兵,3
治癒系,3
林明美,3
羽海野千花,3
阿部記之,3
天然,3
三个LOLI一个爹,3
2010-10月番,3
村濑修功,3
電影,3
学姐,3
香港,3
K-ON!,3
precure,3
高桥丈夫,3
島田フミカネ,3
とある魔術の禁書目録,3
超自然,3
中村光,3
宝石宠物,3
爱丽丝,3
姐妹,3
远坂凛,3
邪教,3
夜樱四重奏,3
UBW,3
Bakuman,3
食梦者,3
大场鸫,3
笠井贤一,3
凉宫春日,3
长门有希,3
GINTAMA,3
野球,3
会长,3
美型,3
山本沙代,3
平行宇宙,3
喜羊羊,3
尾田荣一郎,3
幸福光斑,3
HalFilmMaker,3
摄影,3
侦探,3
萌。萌。萌。,3
乌贼娘,3
吸奶娃,3
天降之物,3
圣诞之吻SS,3
热血系,3
重看,3
雪女,3
痴女,3
远藤绫,3
京骚戏画,3
有病,3
3D动画,3
全,3
泡面计时器,3
青の祓魔師,3
2011年3月,3
桑島法子,3
高山みなみ,3
驯龙高手,3
旧物,3
欧美动画电影,3
粉丝向,3
最游记,3
.hack,3
民工漫,3
福圓美里,3
闪电十一人GO,3
2011四月番,3
歌之王子殿下,3
菊地康仁,3
萝球社,3
合作,3
置鮎龍太郎,3
2011年11月,3
没看完,3
开心超人,3
中6,3
罪恶王冠,3
无码,3
监狱兔,3
啦啦啦德玛西亚,3
冷笑话,3
月姬,3
M-1,3
平野耕太,3
灰原哀,3
熊,3
白石涼子,3
钉宫病,3
入间人间,3
狗日,3
境界线上的地平线,3
丸山正雄,3
武田弘光,3
龟井干太,3
牧瀬紅莉栖,3
嘟嘟噜,3
空想科学,3
Gate,3
A-Channel,3
骗钱大师,3
回转企鹅罐,3
富奸,3
富坚义博,3
全职猎人,3
HUNTER×HUNTER,3
夏目,3
梁邦彦,3
Tiger&Bunny,3
神之谜题,3
2012十月番,3
绝望,3
蜘蛛俠,3
神语速,3
竖笛与双肩书包,3
置鲇龙太郎,3
轮回的拉格朗日,3
祖晴,3
2012年3月,3
冨岡淳広,3
咲-Saki-,3
天才麻将少女,3
不明觉厉,3
追崎史敏,3
鏑木ひろ,3
南家三姐妹,3
2012年1月番,3
大高忍,3
亚丝娜,3
山本寛,3
侠岚,3
冲浦启之,3
浪客剑心,3
海賊王,3
金田一,3
塩谷直義,3
有你的小镇,3
法国动画,3
前田真宏,3
新剧场版,3
摸索吧！部活剧,3
弱虫ペダル,3
闪乱神乐,3
三角,3
白学,3
2013年6月,3
成年女性的动画时间,3
座古明史,3
小魔女学园,3
超次元游戏,3
美水镜,3
记录的地平线,3
橙乃ままれ,3
杀手,3
『OVA』,3
丧失,3
男后宫,3
打工吧！魔王大人,3
2013年四月番,3
马猴烧酒,3
翠星之加尔刚蒂亚,3
玉子市场,3
KENN,3
鈴木洋平,3
千明孝一,3
鎌池和馬,3
魔王勇者,3
嗜血狂袭,3
谏山创,3
旭プロダクション,3
GGO,3
乒乓,3
神音乐,3
舞城王太郎,3
小野友樹,3
清水健一,3
恩田尚之,3
成田良美,3
橘公司,3
元气囝仔,3
爱尔兰,3
美妙天堂,3
古田丈司,3
功夫,3
京アニ,3
伪恋,3
FateStayNight,3
三浦貴博,3
动画未来2014,3
Wake_Up_Girls!,3
山元隼一,3
CoMix_Wave_Films,3
黑皮,3
Ⅰ类tv,3
じん,3
小島正幸,3
『SP』,3
有声漫画,3
火星异种,3
棺姬嘉依卡,3
选择感染者,3
川崎逸朗,3
境界触发者,3
纳米核心,3
增井壮一,3
MyLittlePony,3
安藤雅司,3
Yellow-Zebr,3
佐藤敬一,3
長谷川圭一,3
A-Real,3
幾原邦彥,3
UI,3
路人女主的养成方法,3
2015年2月,3
水星领航员,3
ARIA,3
天野こずえ,3
赤发白雪姬,3
渡边明夫,3
非独立OVA、OAD、特番等,3
亡国的阿基德,3
201510,3
终结的炽天使,3
川越淳,3
市川量也,3
Youtube,3
浅井义之,3
安彦良和,3
吉原达矢,3
田中裕太,3
小澤亜李,3
境界的轮回,3
歌舞,3
干物妹小埋,3
干物妹！小埋,3
二〇一五年,3
舰队collection,3
原恵一,3
井上俊之,3
星蝶公主,3
英国,3
山下宏幸,3
studio地图,3
圣斗士星矢,3
传颂之物,3
伊藤计划,3
牧原亮太郎,3
藤田和日郎,3
视美动画,3
亚尔斯兰战记,3
小马宝莉,3
昭和元禄落語心中,3
meta,3
藤田阳一,3
上野贵美子,3
2016年七月番,3
うえのきみこ,3
2016秋,3
二〇一六年,3
牧野友映,3
松田清,3
2016年十月番,3
棒子,3
网络小说改,3
小高和剛,3
比村奇石,3
井畑翔太,3
2016年四月番,3
AdultSwim,3
偶像活动Stars,3
綿田慎也,3
漂流武士,3
project_No.9,3
高校舰队,3
田中君总是如此慵懒,3
六道无鱼,3
林魂,3
坂本一也,3
星之梦,3
志仓千代丸,3
STUDIO.LAN！,3
镇魂街,3
藤森雅也,3
神游八方,3
金﨑貴臣,3
PINE_JAM,3
入江泰浩,3
武右ェ門,3
山田裕城,3
白丝,3
安田賢司,3
刀剑乱舞,3
八瀬祐樹,3
白組,3
幼女战记,3
Hulu,3
欢迎来到实力至上主义教室,3
工藤昌史,3
HF,3
間桐桜,3
须藤友德,3
オレンジ,3
益山亮司,3
山崎雄太,3
艹猫,3
丁亮,3
两点十分,3
椎名豪,3
尾崎隆晴,3
伊藤祐毅,3
柿原優子,3
百合姬,3
光污染,3
野崎まど,3
TVA-02,3
狂赌之渊,3
妖神记,3
全职法师,3
政宗君的复仇,3
安济知佳,3
籔田修平,3
PieInTheSky,3
岡本英樹,3
风灵玉秀,3
DDF,3
LandQStudios,3
M.S.C,3
武内宣之,3
productiondóA,3
小林家的龙女仆,3
橘正纪,3
京田知己,3
怪怪守护神,3
2018年11月,3
魔改,3
哥布林杀手,3
CLAP,3
羽原信義,3
2018年Web·SP,3
34,3
我家大师兄脑子有坑,3
熊本浩武,3
稲垣隆行,3
柿本広大,3
关于我转生后成为史莱姆的那件事,3
牛嶋新一郎,3
星辰变,3
IMAGICA,3
异态,3
鈴木愛奈,3
難波日登志,3
佐贺偶像是传奇,3
寿命论,3
街机游戏,3
高分少女,3
押切蓮介,3
山川吉樹,3
少女☆歌剧,3
何小疯,3
Ezóla,3
西山映画,3
中西和也,3
佐藤光,3
高达创形者,3
橋本裕之,3
五十嵐達也,3
ENISHIYA,3
さんぺい聖,3
ARVO_ANIMATION,3
2019年5月,3
AQUA_ARIS,3
橘秀树,3
藤子·F·不二雄,3
赤坂アカ,3
海法紀光,3
+Ultra,3
山本秀世,3
五等分的新娘,3
碧蓝航线,3
集英社,3
戏画Production,3
Accaeffe,3
L²Studio,3
名取孝浩,3
盾之勇者成名录,3
电视剧,3
2019春,3
八十龟酱观察日记,3
2020年8月,3
火柴人,3
依田伸隆,3
Eve,3
ARVOANIMATION,3
崇卓动画,3
DJ,3
三丽鸥,3
魔法纪录,3
黒沢ともよ,3
StudioELLE,3
元龙,3
如果历史是一群喵,3
萌想文化,3
ゆめ太カンパニー,3
声影动漫,3
HORNETS,3
中川淳,3
和氣あず未,3
外星也难民,3
贾斯汀·罗兰,3
咒术回战,3
P.I.C.S.,3
不良,3
绫奈由仁子,3
国风,3
乙一,3
摇曳露营Δ,3
伊藤良太,3
SpaceNekoCompany,3
矢野茜,3
富田美憂,3
2021年5月,3
更三动画,3
Dr.Stone,3
2021年9月,3
动画片,3
StudioKAFKA,3
dota2,3
AtelierPontdarc,3
川越一生,3
MYGO,3
古賀葵,3
2022秋,3
StapleEntertainment,3
梦入神机,3
黒川智之,3
2022年3月,3
船田晃,3
長山延好,3
情感,3
Quad,3
23秋,3
StudioLings,3
2024冬,3
2023年11月,3
安部祐二郎,3
葬送的芙莉莲,3
UNEND,3
幻想师动画,3
2024年5月,3
云图动漫,3
E&Hproduction,3
2024夏,3
日本动漫,2
可疑的肉片,2
純愛,2
好想闪死你,2
石川学,2
童年经典,2
irodori,2
恋姬无双,2
黑岩,2
BRS,2
huke,2
ryo,2
各种瞎狗眼,2
鸟海浩辅,2
2008,2
18X,2
電波,2
major,2
玉川明洋,2
GACKT,2
怪盗,2
2010年11月,2
こおろぎさとみ,2
黑化,2
Telecom_Animation_Film,2
5(0),2
戶松遙,2
Ironman,2
初音岛,2
2010年3月,2
官方同人,2
东之伊甸,2
奈叶,2
Hentai,2
俺妹,2
我的妹妹不可能那么可爱,2
黑猫,2
神戸洋行,2
2004,2
StudioGallop,2
绝对可怜children,2
SamLiu,2
2010年2月,2
JasonO,2
TaissaFarmiga,2
BryanQ.Miller,2
JonBernthal,2
真下耕一,2
魔术快斗,2
抓心,2
とある科学の超電磁砲,2
小栗旬,2
Film,2
SM,2
非续作,2
正片,2
Keroro,2
学生会,2
金澤洪充,2
萝莉控,2
ATX,2
高橋丈夫,2
小野夏芽,2
PA,2
神作画,2
荒川爆笑团,2
电波系,2
超级机器人大战,2
银河美少年,2
飒爽登场,2
五十嵐卓哉,2
榎戸洋司,2
基片可能,2
大暮维人,2
双胞胎,2
深度,2
睡美人,2
魔兽,2
恶魔奶爸,2
TOS,2
Geek,2
MattGroening,2
非常中意的,2
KateySagal,2
老害最爱,2
以前,2
BattleSpirits,2
轻音少女,2
美式,2
电击文库,2
既视感,2
石黒正数,2
石黑正数,2
XXXholic,2
四月一日,2
[哗],2
爱,2
光速吐槽,2
基片,2
CV,2
3,2
恐龙,2
Tony,2
H,2
宏梦卡通,2
大魔王,2
刀语,2
古装,2
ヘタリア,2
台湾,2
福島利規,2
SOUND_HOLIC,2
触手娘,2
萌片,2
弓道,2
圣痕炼金士,2
腹黑,2
童梦,2
藤崎龙,2
2010年7月番,2
电视动画特别篇,2
舞蹈,2
青年,2
怪物猎人,2
超级系,2
上美,2
央视动画,2
黑子,2
竹内哲也,2
吸奶,2
猫耳,2
玩伴猫耳娘,2
學園默示錄,2
番茄酱,2
暧昧,2
战国BASARA,2
校園,2
赤い約束,2
AUGUST,2
kalafina,2
高山南,2
水原薫,2
动态漫画,2
DCZLD,2
永远之久远,2
希望宅邸,2
最终流放,2
美食的俘虏,2
苹果核战记,2
冷番,2
纸箱战机,2
死妹控,2
微妙,2
基片疑似,2
DreamWorksAnimation,2
寒蝉,2
分身战士,2
中川幸太郎,2
R-15,2
科幻系,2
童年补完计划,2
巴啦啦小魔仙,2
索尼动画,2
Sony_Pictures_Animation,2
真人,2
骗钱,2
KOKIA,2
露蒂的玩具,2
僕は友達が少ない,2
UN-GO,2
b级,2
日本漫威,2
Marvel改,2
欧美向,2
疯房子,2
一方通行,2
一飞冲天,2
宫崎吾朗,2
温暖,2
丹特丽安的书架,2
搞基可能,2
イカ娘,2
兄弟,2
Infinite　Stratos,2
卡片战斗先导者,2
Vanguard,2
TCG,2
イメージしろ！,2
轻小说改编,2
大友克洋,2
人设崩坏,2
蓝弧文化,2
广告片,2
国动,2
明星动画,2
黄伟明动画,2
redjuice,2
越狱兔,2
魔神,2
好想急死你,2
好想告诉你,2
蓝弧动画,2
伤感,2
あの花,2
花咲くいろは,2
岸田梅尔,2
难波日登志,2
C80,2
笨蛋测试召唤兽,2
基友,2
神曲,2
女神异闻录4,2
persona4,2
番长,2
目黑将司,2
HELLSING,2
Web动画,2
武装神姬,2
游戏宣传,2
狼烟,2
昭和,2
鸭,2
短剧,2
国人,2
2002,2
里约大冒险,2
愤怒的小鸟,2
六星,2
巨坑,2
Fate系列,2
崩,2
细田直人,2
绯弹的亚里亚,2
萌番,2
网球,2
假面骑士,2
中岛爱,2
猫和老鼠,2
浦泽直树,2
方块动漫,2
Rio,2
魔具少女,2
天魔黑兔,2
镜贵也,2
曾几何时天魔的黑兔,2
2B,2
无力吐槽,2
梶浦由纪,2
金闪闪,2
星光少女,2
NAMCO,2
kenny不死了这个剧的乐趣少了一大半,2
友少,2
平坂读,2
斎藤久,2
学园救援团,2
生存战略,2
企鹅,2
企鹅娘,2
富奸义薄,2
这就是僵尸吗,2
魔装少男,2
爱的战士虚渊玄,2
山新,2
无节操,2
爱的战士,2
诚意之作,2
电动画,2
基情四射,2
BLOOD-C,2
BLOOD,2
世界观,2
少年同盟,2
這就是青春啊,2
女主是男生,2
赌博默示录,2
福本伸行,2
基友英雄传,2
歌牌,2
女子落,2
出包王女Darkness,2
矢吹健太郎,2
.hack系列,2
神ED,2
爱杀宝贝,2
高桥和希,2
公立海老栖川高校天闷部,2
STUDIOMORIKEN,2
法外制裁者,2
上条明峰,2
圣光君的阵亡,2
枪械少女,2
緋色の欠片,2
散华礼弥,2
战斗陀螺,2
天然黑少女明日香,2
网球少女,2
宣传片,2
2012年5月,2
二〇一二年,2
寿美菜子,2
尸体派对,2
遊佐浩二,2
好像有看又好像沒看,2
日TV,2
京騒戯画,2
桥本昌和,2
2012夏,2
国产精品,2
谜之彼女X,2
脆梅公园,2
矢吹健太朗,2
邻座的怪同学,2
iDOLM@STER,2
军火女王,2
ヨルムンガンド,2
在盛夏等待,2
目测带感,2
ANOTHER,2
眼罩少女,2
綾辻行人,2
MAGI,2
杂,2
EUREKA,2
交响诗篇AO,2
星船伞兵,2
美国原作改编,2
Sony_Pictures_Entertainment_In,2
SOLADIGITALARTS,2
太空歌剧,2
akb0048,2
最强会长黑神,2
佐藤拓也,2
军火,2
再战十年,2
种命万能,2
番外编,2
LAIKA,2
LaikaEntertainment,2
WarnerBros.Animation,2
一石小百合,2
掉节操,2
为了CV我来了,2
史上最强弟子兼一,2
英语,2
神奇的设定,2
烧钱,2
AM,2
世界末日,2
折笠富美子,2
吉岡忍,2
纯情罗曼史,2
存在感,2
神のみぞ知るセカイ,2
Lite,2
麦兜,2
里,2
只要你说你爱我,2
火影套路,2
吐槽向,2
弱7,2
冰河世纪,2
Rooster.Teeth,2
公主,2
DogDays,2
父女,2
松智洋,2
田中罗密欧,2
母爱,2
氷菓,2
米泽穗信,2
宇宙兄弟,2
石滨真史,2
男子高中的日常,2
菱田正和,2
美树本晴彦,2
横山彰利,2
深澤敏則,2
f(ξ)(b-a)=f(b)-f(a),2
音乐剧,2
三人行必有我妹,2
广告番,2
平泽进,2
大谷育江,2
万年坑,2
爵士,2
偶活,2
EVA新剧场版,2
日常番,2
科学小飞侠Crowds,2
山田隆司,2
イシグロキョウヘイ,2
飚速宅男,2
渡边航,2
大和屋暁,2
OVA.OAD,2
各种黑,2
US,2
Damn!_Show_Productions,2
Black_Heart_Productions,2
嘴炮,2
Origin,2
出渊裕,2
山口亮太,2
奥居久明,2
二〇一三年,2
関俊彦,2
现视研,2
Otaku,2
XY,2
海王星,2
田中理恵,2
今井麻美,2
超能力系,2
打鬥,2
吉村愛,2
寺岛拓笃,2
OperaHouse,2
二刷,2
BLOODLAD,2
人鱼又上钩,2
line,2
儿童向,2
血型君,2
瀬尾公治,2
迷你偶像,2
矢立肇,2
腐ree!,2
师生,2
生存游戏,2
阿部美幸,2
八犬传,2
翠星的加尔刚蒂亚,2
一月番,2
HUNTERXHUNTER,2
石原夏织,2
幕末,2
当不成勇者的我，只好认真找工作了,2
DIABOLIKLOVERS,2
平川大辅,2
GEASS,2
2013年2月,2
魔禁,2
革命机Valvrave,2
星野桂,2
奥飞,2
久野遥子,2
日野晃博,2
学生会的一己之见,2
生徒会の一存,2
人偶,2
丧女,2
第2季,2
GJ部,2
经济,2
小清水亜美,2
森田繁,2
ProductionIG,2
鳥山明,2
虫奉行,2
新井陽次郎,2
野中藍,2
伪,2
片渊须直,2
狂三,2
蒼き鋼のアルペジオ,2
Adult-Swim,2
小学生,2
StudioBlanc,2
長濱博史,2
体育竞技,2
问题儿童都来自异世界,2
黑兔,2
很强大的样子,2
宮本幸裕,2
乡村,2
高畑勋,2
高畑勲,2
双斩少女,2
出渕裕,2
不評分,2
漫画衍生,2
刘北,2
撸时代,2
银之匙,2
有顶天家族,2
上课小动作,2
岩崎良明,2
熊谷纯,2
网游改,2
松本大洋,2
SPACE☆DANDY,2
四月は君の嘘,2
四月是你的谎言,2
打牌王,2
山﨑みつえ,2
学姿势,2
龙之谷,2
乐高,2
Lego,2
世界一初恋,2
二〇一四年,2
如果她的旗帜被折断了,2
最近我的妹妹有点怪,2
No_Game_No_Life,2
游戏人生,2
喜剧中心,2
美剧,2
青春之旅,2
漫画家和助手,2
普通女高中生要做当地偶像,2
岩崎太郎,2
宫繁之,2
西村純二,2
タカヒロ,2
小山力也,2
三浦贵博,2
短篇集,2
精神污染,2
特摄改编,2
属性同好会,2
辛巴达的冒险,2
未确认进行式,2
進擊的巨人,2
拂晓的尤娜,2
晨曦公主,2
灰色的果实,2
今井一暁,2
龟田祥伦,2
BuddyComplex,2
关公说事,2
旦那が何を言っているかわからない件,2
网球优等生,2
斩·赤红之瞳！,2
弟控,2
妖怪名单,2
cv不要钱,2
临时女友,2
阳炎Project,2
西川贵史,2
山口勝平,2
漫畫改,2
森井ケンシロウ,2
森井健史郎,2
ダブトゥーンスタジオ,2
修业魔女璐璐萌,2
草川启造,2
武内直子,2
三石琴乃,2
黒星紅白,2
岡村天斎,2
小林智樹,2
稻荷恋之歌,2
戦国無双,2
wug,2
村田雄介,2
radwimps,2
安元洋貴,2
浜崎博嗣,2
芦野芳晴,2
棺姫のチャイカ,2
剑与魔法,2
谷山紀章,2
茶啊二中,2
咏声,2
スタジオコメット,2
野島健児,2
魔女的使命,2
蛇精病,2
抓好社会主义精神文明建设,2
剧场版-02,2
欧洲,2
安元洋贵,2
さとうけいいち,2
Studio.3Hz,2
天体的秩序,2
高雄统子,2
跑团,2
灰色的迷宫,2
灰色的乐园,2
真后宫,2
学战都市,2
至高指令,2
宣传,2
旅游,2
2015年四月番,2
ISUCA,2
空战魔导士候补生的教官,2
治愈系神作,2
Animated.Movies,2
Pixar.Animation.Studios,2
看到哪了,2
RisingForce,2
浅尾芳宣,2
终物语,2
瀬下寛之,2
小倉宏文,2
PIERROT+,2
DCAMU,2
2015年七月番,2
怪物弹珠,2
木村珠莉,2
宠物,2
加藤陽一,2
剧透禁止,2
监狱学园,2
岛崎信长,2
无头骑士异闻录×2,2
长门有希酱的消失,2
第三飞行少女队,2
深井冰,2
ラルケ,2
优先级D,2
rejet,2
魔性,2
作画优秀,2
影鳄,2
我老婆是学生会长！,2
纪念作,2
音乐少女,2
雨宮慶太,2
BLAME!,2
TeamCreativeGeek,2
潮与虎,2
勇者大冒险,2
山下大辉,2
春日森春木,2
石川直哉,2
爱神巧克力,2
广州原创动力文化,2
Code_Geass,2
吉村文宏,2
小說改,2
EQG,2
黒柳トシマサ,2
田中亮,2
可重温,2
田晓鹏,2
板津匡览,2
アイカツ,2
打越鋼太郎,2
山川吉树,2
干物妹,2
忍者杀手,2
池添隆博,2
超人幻想,2
内藤泰弘,2
DRRR！,2
高校星歌剧,2
山口晋,2
ならはしみき,2
今泉贤一,2
铃木大司,2
摩托,2
2016年OVA·OAD,2
k.坚持了几集所以勉强多给一星(2星),2
兽族,2
續作,2
黑白来看守所,2
舞兵器舞乱伎,2
，,2
日野トミー,2
韩国动画,2
从前有座灵剑山,2
PRODUCTION.REED,2
香蕉喵,2
八鍬新之介,2
2016年Web·SP,2
シグナル・エムディ,2
2016年一月番,2
粗点心战争,2
MARZA,2
少女们向荒野进发,2
林ゆうき,2
福島潤,2
告诉我！辣妹子酱,2
众筹,2
最终幻想,2
FF15,2
梦幻之星online2,2
B-PROJECT,2
Rewrite,2
逆转裁判,2
後藤圭二,2
网盘见,2
Production_IMS,2
十文字,2
渡部穏寛,2
京風とまと,2
Theater,2
绵田慎也,2
Hoods_Entertainment,2
锁链战记～Haecceitas的闪光～,2
小野贤章,2
情热传说,2
飞翔的魔女,2
河野恵美,2
桜井画門,2
古贺豪,2
桜美かつし,2
十文字青,2
凸变英雄,2
Jérémie,2
部,2
荒川稔久,2
3月的狮子,2
电影院看的,2
尾石達也,2
AT,2
ReLIFE,2
小坂知,2
夏目友人帳系列,2
ジョジョの奇妙な冒険,2
原創動畫,2
八代拓,2
横谷昌宏,2
忧郁的物怪庵,2
魔法少女什么的已经够了啦,2
三輪士郎,2
茜屋日海夏,2
BlizzardEntertainment,2
平松禎史,2
野村和也,2
大今良時,2
大贵族,2
日产,2
百合？,2
エンカレッジフィルムズ,2
末廣健一郎,2
黑色幽默,2
看完就删,2
d.短片,2
和田純一,2
YAOYOROZU,2
Pixar_Animation_Studios,2
宇宙战舰大和号2202,2
一话弃,2
Dandelion,2
二〇一七年,2
武装少女,2
Creators_in_Pack,2
大塚明夫,2
异世界食堂,2
OneRoom,2
EMT_Squared,2
我是江小白,2
不思凡,2
梗,2
大塚隆史,2
银之守墓人,2
榎宮祐,2
少女终末旅行,2
碧蓝幻想,2
第2期,2
講談社,2
古川博之,2
齐藤壮马,2
高本宣弘,2
A站,2
Disney_Television_Animation,2
[NBG],2
发飙的蜗牛,2
2017年6月,2
玉木慎吾,2
林勇,2
FrederatorStudios,2
中世纪,2
彭擎政,2
埃罗芒阿老师,2
南极,2
金世俊,2
黑色五叶草,2
虚拟现实,2
安藤良,2
打牌,2
魔卡少女樱,2
小樱,2
初代萌王,2
沌x,2
山田貴正,2
らんてぃ,2
限制级,2
SouthParkStudios,2
TreyParker,2
MattStone,2
South_Park_Studios,2
欧美番剧,2
Matt_Stone,2
Trey_Parker,2
宮繁之,2
木上益治,2
長沼範裕,2
Sunflowers,2
PRA,2
LandQ,2
河西健吾,2
教师,2
王室教师海涅,2
平川哲生,2
比村乳业,2
小林家的妹抖龙,2
Studio_3Hz,2
柴山智隆,2
打工小哥！,2
哥布林,2
黄暴,2
西崎义展,2
星辰大海,2
結城信輝,2
蓝,2
若鸿文化,2
无聊,2
XFLAG,2
横浜アニメーションラボ,2
苍天之拳,2
鹿住朗生,2
中国动画电影,2
飯塚貴士,2
快把我哥带走,2
FLCL,2
LIDEN_FILMS,2
神谷友美,2
大友,2
刀使的巫女,2
TriFStudio,2
monofilmo,2
彩色铅笔动画,2
近藤信宏,2
叛逆性百万亚瑟王,2
UWANPICTURES,2
production_dóA,2
玉川真人,2
2018年8月,2
中村豊,2
3D彼女,2
立山秋航,2
梦太Company,2
汤摇庄的幽奈同学,2
PIERROTPLUS,2
文艺复兴,2
林友树,2
松尾祐輔,2
村越繁,2
森山洋,2
来玩游戏吧,2
下山健人,2
StudioFlad,2
黑泽朋世,2
なもり,2
岸边露伴瞎jb动,2
geno_studio,2
賀東招二,2
烂,2
井上敏樹,2
钱进球场,2
角川爆破,2
五十岚达也,2
一口气看完xx,2
三俗,2
上村祐翔,2
安倍吉俊,2
江崎慎平,2
中山龙,2
中山竜,2
神戸守,2
邪道,2
约定的梦幻岛,2
上江洲誠,2
ライデンフィルム,2
我们真的学不来,2
九五年动画,2
BEM,2
异世界开挂,2
拳愿阿修罗,2
安达充,2
撸猫,2
魔道祖师,2
BEASTARS,2
樋口七海,2
硬核,2
街角魔族,2
深見真,2
平牧大辅,2
太宰治,2
武动乾坤,2
白土晴一,2
バイブリーアニメーションスタジオ,2
藤田春香,2
海盗战记,2
史诗,2
薮田修平,2
鈴木利正,2
Encourage_Films,2
彩条屋,2
炎炎消防队,2
小坂春女,2
鬼子学院,2
三宅健太,2
永岡智佳,2
vtuber,2
NAS,2
久弥直樹,2
非枪人生,2
阿保孝雄,2
低分,2
动画（剧场版）,2
定格,2
西班牙,2
Imagineer,2
かおり,2
2020冬,2
2019年04月,2
唱跳rap,2
美妙系列,2
安斎剛文,2
飯野慎也,2
Lesprit,2
裤袜,2
3dcg,2
藤井慎吾,2
勇者斗恶龙,2
SonyPicturesAnimation,2
久保雄太郎,2
STUDIO_PUYUKAI,2
6分一般,2
阿部记之,2
子供番,2
堀元宣,2
学习,2
SquareEnix,2
2020年9月,2
国耽,2
修炼,2
灾难,2
BG,2
井上圭介,2
2020年2月,2
2020年11月,2
2020秋,2
机动战士高达,2
微尘定格动画工作室,2
辰美,2
收藏,2
3DCG☆,2
Anima,2
少女☆歌劇レヴュースタァライト,2
米村正二,2
魔法科高校の劣等生,2
山下清悟,2
母系,2
2020年6月,2
ブリッジ,2
韩国漫画改编,2
越田知明,2
谷口淳一郎,2
小高和刚,2
犬夜叉,2
天野喜孝,2
仙王的日常生活,2
佐藤雅子,2
小川優樹,2
爽文改,2
加隈亜衣,2
広田光毅,2
AQUAARIS,2
2020年冬,2
中岛一基,2
諸星すみれ,2
地缚少年花子君,2
緒方恵美,2
向井雅浩,2
GRIZZLY,2
超能,2
少女前线,2
大王不高兴,2
吞噬星空,2
我吃西红柿,2
2021冬,2
川野達朗,2
洼冈俊之,2
多媒体企划,2
木下麦,2
此元和津也,2
Quebico,2
藤田茜,2
ASMR,2
INDIVISION,2
新川直司,2
小林千晃,2
狗屎,2
朝岡卓矢,2
百濑义行,2
大橋明代,2
百妖谱,2
罗小黑,2
9分,2
时崎狂三,2
上田麗奈,2
86,2
入间同学入魔了,2
studioFlood,2
堀与宫村,2
野島伸司,2
奇蛋物语,2
FLAGSHIPLINE,2
楠木灯,2
神谷智大,2
木村暢,2
剧团狗咖喱,2
川元利浩,2
旅游宣传,2
2D,2
铸梦动画,2
极主夫道,2
魁,2
Amazon,2
2021年12月,2
天地创造设计部,2
StudioDURIAN,2
忧国的莫里亚蒂,2
Roselia,2
内海纮子,2
望月淳,2
PrincessPrincipal,2
大橋一輝,2
影宅,2
环太平洋,2
佐藤雄三,2
短片与MV,2
枕刀歌,2
cosplay,2
2022年9月,2
宝鐘マリン,2
福星小子,2
2022夏,2
新锐动画,2
爷青回,2
福瑞,2
院线观看,2
国产或合作动画,2
呸,2
2022年8月,2
石纪元,2
磯光雄,2
吉田健一,2
ボブ白旗,2
MARVYJACK,2
男同,2
可以预测的命运之舞台,2
SCOOTERFILMS,2
人类垃圾,2
都市,2
神印王座,2
租借女友,2
渡邉祐記,2
超次元游戏海王星,2
MCU,2
碧蓝档案,2
Yostar,2
射箭,2
重力井动画,2
水星的魔女,2
本間修,2
本间修,2
田中智也,2
AshleyMiller,2
韩美合作,2
V社,2
Studio_MIR,2
藤本树,2
万维猫动画,2
汉化日记,2
诛仙,2
Five,2
2023春,2
国动年番,2
【ANIME】TV丨中国大陆,2
草莓,2
寿门堂,2
project-No.9,2
宫廷,2
宮脇千鶴,2
2022年12月,2
D4DJ,2
唐家三少,2
克苏鲁,2
魂穿,2
乐队题材,2
蓝色监狱,2
2023年春,2
平山宽菜,2
中国风,2
倒贴,2
miHoYo_Anime,2
逆穿越,2
山川典夫,2
2023夏,2
佐佐木充郭,2
2023年秋,2
浦和希,2
松根マサト,2
横峯克昌,2
东京复仇者,2
假小子,2
2024春,2
间谍,2
云雀工作室,2
スタジオぷYUKAI,2
艾尔平方,2
天工艺彩,2
平野宏树,2
Makaria,2
三重野瞳,2
駒屋健一郎,2
驹屋健一郎,2
死神少爷与黑女仆,2
虹团,2
横尾太郎,2
电竞,2
CLOUDHEARTS,2
尼尔,2
怪兽,2
误解系,2
周浩嵩,2
今村亮,2
柿本广大,2
EastFishStudio,2
2024年6月,2
浅野いにお,2
院线电影,2
周五,2
2024年8月,2
人工智能,2
崩坏星穹铁道,2
2024年2月,2
画枚动画,2
2024年冬,2
塚原重義,2
TeamOneOne,2
总篇集,2
オジング,2
萌猫,1
くるねこ,1
佝偻猫,1
攻陷之神,1
PFP,1
接吻魔,1
神哥哥,1
治愈清新,1
身高差,1
绯色恋,1
ED才是正片,1
低成本,1
初织恋,1
2nd_Life茗记,1
腐女子,1
囧！,1
801,1
パンダ工場,1
腐女子的品格,1
2010。,1
怪物王女,1
自虐neat,1
世纪初,1
未阅,1
中田让治,1
远子学姐,1
动画是渣，心叶你不会懂吧,1
Production,1
魔都,1
闪光的夜袭,1
关键词屏蔽,1
二战,1
各种雷,1
动画力量,1
NTR遭报应,1
BLACK★ROCK,1
Black★RockShooter,1
小鳥游,1
初音,1
B★RS,1
声优阵容,1
擦边球,1
腐作,1
女变男,1
小田切萤,1
青春教育片,1
胖次,1
下着,1
内衣,1
糟糕物,1
11只眼,1
节操没了,1
11eyes,1
宇宙级豪华声优,1
S☆S,1
乙女心,1
圈钱蜂,1
吐槽神作,1
咎狗之血,1
Nitro+CHiRAL,1
崩狗之血,1
声优豪华,1
2000-2009,1
兔子,1
小林源文,1
动物战争,1
全CG,1
傲娇别扭受,1
高永ひなこ,1
有H哦,1
巴斯光年,1
恶魔阿萨谢尔在召唤你,1
又黄又暴力,1
Cartoon_Network,1
二周目,1
2010年8月,1
ANA短篇,1
雷疯,1
每秒400大元,1
这样的3D没问题么,1
囧雷无比,1
哦哈哈哈哈哈哈,1
2000W,1
秀逗魔导士,1
田中丽奈,1
老鼠,1
StingGray,1
スティングレイ,1
黒の契約者,1
黑之契约者,1
银,1
黑,1
人妻银,1
新婚旅行,1
蜜月,1
閃光彈,1
人见人爱花见花开的小李,1
比黑更黑,1
ToHeart2,1
小牧爱佳,1
古川登志夫,1
小山高生,1
高木洋,1
热血战斗,1
山室直儀,1
上田芳裕,1
OVA-OAD,1
10夏,1
OVA-01,1
小起,1
猫控,1
喵~,1
甜甜私房猫,1
2010年四月番,1
肉球,1
金春智子,1
云云,1
増原光幸,1
日髙のり子,1
由乃,1
琴吹七濑,1
妓女主角,1
变身！偶像公主,1
前田憂佳,1
少儿,1
福田花音,1
和田彩花,1
偶像番,1
优先级F,1
？,1
十二生肖,1
GA艺术科美术设计班,1
GA,1
藝術,1
复仇者,1
纯粹补完怨念而已,1
D.C.,1
与主攻一基,1
与主公一起搅基,1
吐槽神剧,1
網絡放送,1
坑爹了,1
黑塔利亞,1
屁股痛,1
天元突破,1
天元突破グレンラガン,1
你不会懂的,1
Production_I.G.,1
I.G.,1
东之伊甸剧场版,1
回顾,1
暴君,1
白色恶魔,1
魔炮百合少女,1
宠妃,1
樱色核武器,1
宫西达也,1
キッズ,1
kids,1
温馨，治愈,1
胧泽正治,1
朧澤正治,1
绘本改,1
眼镜,1
借东西的小人,1
音乐美,1
小人儿,1
长发公主,1
我家妹子才没这么软,1
我家黑猫不可能这么可爱,1
桐乃,1
花丸幼儿园,1
我也想当老师,1
被丸子们萌翻了,1
熊猫猫,1
はなまる幼稚園,1
悲剧男,1
2003,1
2004年,1
人妻,1
鬼畜红毛,1
胶囊卖萌,1
傲娇大叔,1
很帅很可爱宣言！,1
地狱人设,1
想去屎,1
藤原启治,1
人设悲剧,1
一挑三挂王,1
合体技,1
印卡,1
法老王滑水中,1
皆本和兵部搅基,1
transformer,1
动画版,1
若本威震天,1
Studio_4℃,1
JAM,1
Mook、TheAnswerStudio、STUDIO4℃,1
华纳兄弟动画,1
LaurenMontgomery,1
4-勉强看完,1
女王之刃,1
halo,1
微软,1
士官长,1
星野リリィ,1
kid,1
まじっく快斗,1
少年犯之7人,1
欧美风格,1
但丁,1
☆OVA,1
欧美游戏,1
Ea,1
FilmRoman,1
beatrice,1
神曲相关,1
五分,1
东宇动画,1
但丁地狱,1
2008年,1
睡前眼角那一抹泪光,1
御宅族,1
上班族,1
=口=虽然不知道是为什么但是好羞涩,1
史瑞克,1
7WA,1
VickyJenson,1
AndrewAdamson,1
其它动画,1
Mike_Mitchell,1
DreamWorks_Animation,1
DreamWorks.Studios,1
抖M,1
MM,1
女王,1
M,1
墨汁打码,1
有汰渍没污渍,1
一骑当千后继有人,1
貌似是肉番,1
领袖之证,1
死亡確認,1
国产动画电影,1
印象深刻,1
电审动字（2010）第4号,1
信蜂,1
爱哭鬼,1
金发loli,1
续,1
k-on,1
舛成孝二,1
军曹,1
學生會,1
女校什么的太邪恶了,1
超M会长,1
糟糕物可能,1
餐厅,1
迷你控,1
萌杀,1
迷糊餐厅,1
mini控,1
更多肉,1
矢吹老师,1
金色之暗,1
再来一碗肉,1
美柑,1
小暗,1
缘之空,1
萌穹妹得永生,1
穹妹,1
推实妹,1
一般向你妹,1
BGM絕贊,1
推真妹,1
江户盗贼团五叶,1
OP美,1
bw,1
佐罗亚库,1
买不起裤子的少女,1
宅女,1
水母,1
腐女,1
海月姬,1
尼姑,1
斎賀めぐみ,1
大河与七位伙伴,1
伪大河,1
贫乳大灰狼,1
大神与七位伙伴,1
超M男主,1
别扭童话,1
伪阿拉垃圾,1
禁书目录,1
当妈,1
魔禁2,1
index,1
小黄书,1
炮姐外传,1
嘴炮哥,1
不幸,1
百合子,1
宇宙级神作,1
錦織博,1
真・恋姫†無双～乙女大乱～,1
AngleBeats!,1
伪团长,1
死后的团长,1
AB,1
殴打天使,1
Angel,1
麻麻麻麻麻麻麻枝准,1
Beats,1
世纪末超展开学院,1
动画的力量,1
各种梗,1
KissXsis,1
高耻度,1
下限刷新,1
我有SIS我自豪,1
姐姐亲我吧,1
独角兽,1
幼女控,1
高达UC,1
ガンダムunicorn,1
杰刚队长,1
新房式强力吐槽,1
电波族,1
星星,1
OG2,1
SRW,1
OG,1
招兵买马,1
小珊,1
笑得肚子疼,1
青春謳歌,1
囧片,1
寶石寵物,1
學院,1
金发妞,1
傳勇傳,1
鏡貴也,1
勇者,1
基!,1
声优给力,1
四代火影,1
父子兵,1
处女人妻NTR,1
loli侦探团,1
飞轮少年,1
乌鸦君,1
各种王,1
盗梦空间,1
片山一良,1
天朝,1
澳大利亚,1
鹡鸰女神,1
九州男儿,1
狂野情人,1
笑死爹了,1
圣杯,1
BD,1
吾王,1
重点在最后系列,1
TM补完,1
志方あきこ,1
书家,1
画风独特,1
不怕崩,1
无限剑制,1
原作剧本这么长怎么塞也塞不下,1
Archer,1
菲特今晚留下来,1
缩水,1
补魔,1
山口祐司,1
大場つぐみ・小畑健,1
基友你好,1
最高,1
秋人,1
大場つぐみ,1
大萌神,1
凉宫春日的消失,1
囧虚,1
凉宫春日的忧郁,1
消失,1
Futurama,1
续作&衍生作,1
T2,1
符合预期,1
FOX,1
西森章,1
打牌救世界,1
合体王,1
交响情人梦,1
野田妹,1
快结婚！,1
交响情人梦Finale,1
坑爹剧场版,1
红樱篇,1
16:9！,1
DOES,1
大振,1
王牌投手,1
振臂高挥,1
哦哦福利,1
會長是女仆,1
妹抖,1
正常向,1
藤原ヒロ,1
K-on!2,1
けいおん！！,1
K-ON!!,1
轻音少女2,1
轻音少女第2季,1
ハートキャッチプリキュア,1
高达00,1
互相理解,1
好大一朵菊花,1
理解万岁,1
我是高达,1
裸聊,1
飞天小女警×光之美少女,1
Stocking！,1
成年小女警,1
没有穿,1
飞天小女警,1
吊带袜天使,1
超作画,1
川尻善昭,1
木村拓哉,1
Redline,1
红线,1
石井克人,1
另类空想,1
Mad-house,1
好人设,1
DOLLARS,1
节奏紧凑,1
神画面,1
哑剧,1
妹抖咖啡厅,1
黑礁,1
女仆长,1
BLACK_LAGOON,1
慢到快要遗忘,1
华丽变身女王受,1
百四,1
夏娃的时间,1
內涵作,1
适合静静地看,1
イヴの時間,1
スタジオ六花,1
人形萝卜,1
內涵,1
新房省钱萌片,1
日和,1
搞笑漫画日和,1
猥瑣系,1
搞笑漫画,1
今天开始恋爱吧,1
水波风南,1
美少年,1
被封面骗了,1
Lantis原创,1
哥拉尔骑士团,1
lantis,1
跳坑,1
園田雅裕,1
3(-2),1
光碟动画,1
寺島拓篤,1
你看起来好像很好吃,1
这货其实是父子基情片,1
湿了,1
钢铁侠,1
睡觉,1
一起睡觉吧,1
健康,1
京极夏彦,1
近未来,1
狼神隐,1
神隐,1
2010年1月番,1
いちばんうしろの大魔王,1
爆衣的大魔王,1
废言帝,1
刀語,1
白发,1
叨语,1
祝福之钟,1
女儿控vs妹控,1
“爸爸”无语,1
相声,1
angela,1
馴龍高手,1
无牙,1
HowtoTrainYourDragon,1
龍騎士,1
小嗝嗝,1
萌物,1
杉山纪彰,1
意呆利,1
华视,1
競技,1
土屋理敬,1
七下,1
咲野俊介,1
父与子,1
性别秀吉,1
废柴男主,1
加滕英美里,1
某种意义上的重口,1
三姐妹系列,1
小學生,1
包子脸,1
超元氣,1
TRIGUN,1
枪神,1
爱与和平,1
好好活着,1
COLORFUL,1
意外的幸运签,1
自杀,1
2011年08月,1
65届每日电影奖,1
快要坏掉的八音盒,1
同人起家,1
c76,1
こわれかけのオルゴール,1
诸子百家,1
拖沓,1
国产的希望,1
墨汁面,1
大姐是腹黑,1
乌贼拟人,1
yooooooo,1
暗荣,1
游戏动画化,1
钢普拉,1
起始高达,1
高达30周年,1
GUNPLA　MEISTER,1
2005,1
2005年,1
钻头,1
腹黑女主,1
淑女日管家,1
れでぃ×ばと！,1
天降软妹,1
后宫追加,1
天降后宫,1
绅士动画,1
人渣树,1
爷爷,1
尸鬼,1
小野不由美,1
下巴好尖,1
微内涵,1
童夢,1
逆转监督,1
体育系,1
甜蜜吻痕,1
真实向,1
模型广告,1
SD,1
迷の感动,1
低龄动画,1
上下属恋情,1
農業ムスメ,1
女主,1
池畠博史,1
TVspecial,1
手绘,1
超级大坏蛋,1
坏蛋是主角,1
家庭教师,1
家庭教师ヒットマンREBORN!,1
猫猫村,1
标题好长,1
殺必死,1
大咪咪,1
保健,1
一起,1
无尽的愿望,1
八云,1
瞳术,1
神永学,1
穿越剧,1
红,1
LOLICON,1
警匪,1
更基情,1
猪猪侠之积木世界的童话,1
蹴鞠,1
宋代足球小将,1
声优要从娃娃抓起,1
ero,1
小牧班长下海记,1
干的就是那娇喘,1
2009年,1
10年後の異邦人,1
基德x柯南篇,1
天空の難破船记,1
基德x兰篇,1
一乳当千,1
爆衣,1
女体三国,1
一骑当千XX,1
黒執事Ⅱ,1
聖痕のクェイサー,1
够猛,1
和谐,1
发情期,1
非凡后宫,1
胸部,1
怪力乱神,1
女后宫,1
美男,1
薄命鬼,1
副长!!,1
土方线,1
内裤,1
有尖叫有快感,1
肉作什么的最没爱了,1
塞巴斯蒂安,1
黒執事,1
BASARA,1
基情满载,1
搅基片,1
苍红,1
信者历史挂红灯,1
FA,1
赤色的约定,1
Lia,1
炮友,1
BH,1
百人斬,1
鬼印,1
H····,1
XE,1
呆唯从军记,1
强袭轻音社,1
空之音,1
K-ON战场版,1
各种即视感,1
人设似曾相识,1
英雄,1
蹭得累,1
貓娘,1
迷途猫,1
死2次,1
监督轮换制度,1
迷い猫オーバーラン！,1
绯鞠,1
诚哥推动物,1
穿越萌狼,1
数码宝贝系列,1
DM,1
数码兽,1
战场的女武神3,1
战场挖个雷,1
村姑,1
戦場のヴァルキュリア3,1
誰がための銃瘡,1
Ascension,1
末吉裕一郎,1
刀锋战士,1
大冢明夫,1
刀锋,1
灼眼のシャナIII,1
灼眼のシャナ,1
灼眼的夏娜,1
夏娜,1
最终季,1
傲娇再开,1
高桥弥七郎,1
新时代的FLCL,1
秦汉,1
穿靴子的猫,1
哀木梯,1
MT,1
佛陀,1
XJapan,1
印度,1
异国迷宫的十字路口,1
武田日向,1
看板娘,1
武田日向牌萝莉,1
法語,1
治愈系？,1
夫妇闪光弹,1
穷苦人,1
重考,1
废柴,1
この男子，宇宙人と戦えます,1
最速第二季,1
森田同学很沉默,1
GANZO,1
烂尾社,1
變態研,1
变研,1
肉(真的肉)！,1
迷茫管家与懦弱的我,1
伪男,1
女性恐惧症的男生,1
没种男,1
女管家,1
苹果核,1
XIII,1
2011剧场版,1
吐槽幼儿向你就赢了,1
炎魔,1
最强低龄向,1
戦国BASARA,1
又腐又热血啊,1
小黑出走记,1
这是僵尸吗,1
これはゾンビですか,1
弹波战机,1
LBX,1
游戏不错,1
戰國,1
デジモン,1
えんどうてつや,1
三条陸,1
远藤彻哉,1
和田光司,1
久远的永远,1
饭田马之介,1
8WA,1
2011年秋,1
古手梨花,1
圈錢來了,1
寒蝉鸣泣之时·黄,1
卧槽,1
11秋,1
万年小学生,1
一年一度剧场版不解释,1
洪水vs雪崩,1
15周年,1
国内上映,1
鐵拳,1
菅正太郎,1
V1.Studio,1
古内一成,1
2011.4.22,1
『CM』,1
山崎和佳奈,1
红领巾侠,1
超越夢想一起飛,1
出崎统,1
怪医黑杰克,1
ED吓死爹,1
猫咪,1
吸血猫,1
四分钟的人生,1
只有腿的女主人,1
刺客信条,1
Ubisoft,1
ezio,1
NEET侦探,1
神様のメモ帳,1
NEET,1
loli侦探,1
神的记事本,1
岸田メル,1
杉井光,1
Dr.Pepper,1
JC,1
辉夜姬,1
我们没有翅膀,1
我们没有下限,1
没有节操,1
GAL改编,1
王雀孙,1
鸟人,1
Princess,1
CV强大,1
Baby,1
页游改,1
3D渲2D,1
FORTUNE　ARTERIAL-赤い約束,1
内地,1
蓝精灵,1
联合国后宫,1
ハヤテのごとく,1
最遊記,1
峰仓和也,1
保志总一郎,1
搞基,1
关俊彦,1
女王吃正太,1
2011年9月,1
神打码,1
性爱之神,1
这样的码真的没问题吗,1
魔法师转职教育,1
魔法师,1
国宝,1
沈王爷,1
功夫熊猫2,1
因果论,1
骨頭,1
我们没有节操,1
如果高中棒球社女經理讀過杜拉克的『管理學』,1
名字真长,1
如果杜拉,1
管理学,1
一天一话,1
原作漫画党,1
デッドマン・ワンダーランド,1
植入式贤者之石,1
系列,1
xman,1
x-men,1
HERO,1
内涵作,1
木﨑文智,1
2011年春番,1
2011.01,1
2011春,1
扫番,1
石川智晶,1
神样DOLLS,1
DOLLS,1
岡本信彥,1
妹控无误,1
基友出没,1
ZEXAL,1
九十九游马,1
龙虾王,1
海鲜王,1
动画短篇,1
世界观神奇,1
武装,1
武装中学生,1
中学生,1
猫神やおよろず,1
全是猫,1
猫神,1
战国乙女,1
戦国乙女,1
死囚乐园,1
凶残肉番,1
棒子出品,1
破鞋,1
有血有肉,1
手嶌葵,1
天门,1
追逐繁星的孩子,1
宫崎风,1
星を追う子ども,1
新海城,1
欠治愈必看,1
伊卡洛斯,1
风音日和,1
小日和要来了,1
毒舌,1
玛丽亚狂热,1
妄想战士加奈狗,1
神op,1
欧风,1
ダンタリアンの書架,1
三云岳斗,1
超次元足球的传承,1
十年后,1
松风天马,1
円堂监督嘤嘤嘤！,1
全员长大篇,1
坂口安吾,1
BONES原创,1
羽衣狐,1
交杯酒,1
一个牧师妹,1
萌口癖,1
超萌,1
GESO,1
侵略,1
尼桑,1
蓝色驱魔师,1
超·华丽声优,1
仓花千夏,1
诹少,1
儿童文学,1
No.6,1
基？,1
骨头,1
浅野敦子,1
人型高达,1
长空秋山澪,1
脑补基片,1
游戏王A货,1
魔方少女,1
C3,1
C3魔法少女,1
C3魔方少女,1
香菜妹子,1
tinkle,1
声优一流,1
我就冲着声优来的,1
能登麻妹子,1
低幼向,1
金刚狼,1
我家金刚狼才没有这么OOC,1
在心目中的形象崩坏了,1
马维公司,1
豺狼,1
狼狼君,1
2011冬,1
抛弃,1
デジモンクロスウォーズ,1
大基！,1
历代主角穿越,1
护目镜少年(们),1
护目镜少年,1
肉松遥,1
神吐槽,1
平次你弱爆了,1
工藤姐姐,1
One-Piece,1
全员,1
岛袋光年,1
志水淳児,1
鬼神传,1
人物比例崩坏,1
薄櫻鬼,1
新撰组,1
飒爽登场，银河美少女★,1
脑补帝,1
工口小说家,1
妄想狂,1
伏見ひろゆき,1
明星创意,1
两个爱你的人结婚了,1
BLX碎了一地,1
绝对肉片,1
魔乳秘剣帖,1
肉番无疑,1
艺术片,1
乳,1
據說是基片,1
基什么基，押一发NTR,1
魔法老师,1
普京,1
Usavich,1
有姦情,1
婚姻生活,1
蛋疼,1
不解释,1
追番中,1
凯撒,1
纯白交响曲,1
和泉つばす,1
天羽美羽,1
樱乃我的嫁,1
GAL改，真10月番,1
君に届け,1
爽朗100君,1
风早君,1
4分钟,1
实拍背景,1
职业牙签凹槽雕琢人,1
省钱,1
粉红切开都是黑的,1
无男主,1
ゆるゆり,1
新人声优,1
国产非子供向,1
あの日見た花の名前を僕達はまだ知らない,1
未闻花名,1
有内涵,1
乱斗,1
型月嘉年华,1
10周年,1
人参赢家,1
武梨えり,1
轻喜剧,1
亚麻大,1
男性恐惧症,1
没有萨满汪汪,1
打工,1
花开伊吕波,1
未入宅時期作品,1
綠川幸,1
泪腺崩坏,1
蛍火の杜へ,1
眼泪可以再不值钱一点吗,1
GOSICK,1
哥特萝莉在卖萌,1
翻滚中的萝莉,1
桜庭一樹,1
哥特萝莉,1
纯情,1
没CV,1
东方同人,1
无配音,1
赌场,1
冥王神话,1
2011年2月,1
明⑨,1
バカとテストと召喚獣,1
明久女装受！,1
漫才大賽,1
Yellow-Zebra,1
藤宮ゆき,1
PVD,1
龙与虎,1
掌中萌虎,1
爱妻便当,1
超怀念,1
傲娇时代最后的经典,1
龙X虎,1
龙儿,1
吐槽片,1
火球,1
还我双马尾大小姐！,1
现在觉得在整个十月番里这是最不基的,1
一初恋,1
超神作,1
工口小学生,1
淫荡三姐妹,1
超糟糕三姐妹,1
三朵淫花,1
神误会,1
工口三姐妹,1
超元气三级品,1
少年搞基联盟,1
境界式长篇大论,1
谈话类节目,1
坂本朗读会,1
哲学♂,1
近藤光,1
人参啊！,1
女王大人,1
三角恋,1
再见我的翅膀,1
绿毛,1
MF,1
荤段子学生会,1
。。久违啊,1
基情战国,1
眼带用途广,1
眼带,1
怎么又来了！,1
殿と攻める気持ち,1
机器猫,1
ドラえもん大长篇,1
闷声色狼,1
瑞希的料理,1
精神食粮,1
闷骚男,1
只有神知道的世界第二季,1
攻略之神,1
三次元神马的都是浮云,1
卡密撒马,1
很多萌妹子,1
继续攻略,1
god-only-knows,1
RPG改编,1
这是最后的PS2游戏,1
暴力美學,1
魔兽世界,1
温馨感,1
黄濑和哉,1
若手アニメーター育成プロジェクト,1
丁丁历险记,1
这么可爱一定是男孩子,1
yooooooooooo,1
201X,1
皆中,1
妹纸钢大木,1
KONAMI,1
自主制作,1
昭和物语,1
装甲騎兵ボトムズ,1
雨,1
意境美,1
毕业作品,1
幼教,1
白石凉子,1
温暖可爱低龄萌系,1
DigitalMediaLab,1
幼儿向,1
後藤沙緒里,1
Digital_Media_Lab,1
兔,1
个人制作,1
上官海铃,1
Yidonan,1
个人,1
四星,1
想补的旧番,1
Short,1
疾風伝,1
福利的钟声,1
各种扯淡,1
祝福的钟声,1
2002年10月,1
2002年,1
架向星空之桥,1
卖肉？？,1
集锷斗士血风录,1
喵喵村,1
岌岌可危的猫猫村,1
基！教官,1
屌丝护送妹子一万两千公里去见高富帅的故事,1
飞行员,1
恶魔奶妈,1
魔法小恶魔,1
育儿,1
没什么,1
201年年,1
2011年十月番,1
五星,1
アマガミ,1
网球王子剧场版,1
我的女神,1
女神,1
永远的17岁,1
教主威武,1
FATE原作,1
废弃原设,1
旧剑,1
回收利用,1
长脸大哥哥,1
槽点很多,1
卖萌父子,1
国产大作,1
黑长直,1
非法重制,1
铁胆火车侠,1
毁了乃们的童年,1
龙之界点,1
又是人兽,1
龙之G点,1
缝合怪,1
王巍,1
空の軌跡,1
崩の軌跡,1
史上最强跟踪狂,1
病娇女,1
我妻有奶,1
2011年10月番,1
アスリード,1
電波女与青春男,1
软妹子,1
電波女と青春男,1
电波女,1
粉色双马尾,1
钉宫五萌,1
緋弾のアリア,1
龙儿X大河,1
緋彈的夏娜,1
灼眼的亞里亞,1
狗日的,1
猫狗大战,1
兽耳控,1
星空へ架かる橋,1
我的弟弟不可能这么可爱,1
GAL改編,1
求弟弟线,1
弟之空,1
神摔倒,1
弟控桥,1
迷糊軟球部,1
豪華聲優陣,1
日升社,1
女仆战队,1
洛克人,1
妹抖城管,1
FictionJunction,1
七月新番,1
关系混乱,1
微工口,1
田村由香里,1
蹭的累,1
WarnerBrosAnimation,1
猫鼠,1
Warner_Bros._Animation,1
藏獒多吉,1
中国只有原作和配音的中日合作,1
破刃之劍,1
下限君的消失,1
萝莉的时间,1
乳摇,1
柏青嫂,1
财色兼备,1
伪里番,1
胸大,1
文艺风,1
细腻,1
卖内裤,1
迟到的圣光君,1
这样的剧情居然还要卖肉这简直太离谱了！！！！！！！,1
loli变御姐,1
不死,1
18岁以上不宜观看,1
低龄向,1
既然叫做高达的话。。。,1
轻音部,1
bug魔,1
2011年7月番,1
第四次圣杯战争,1
奈绪蘑菇,1
梶浦,1
老爸和他的基友,1
zero,1
三王,1
白兔糖,1
溫馨,1
养成,1
光源氏计划,1
大白兔奶糖,1
光源氏计划哟西,1
收養,1
钢之炼金术师,1
鋼の錬金術師,1
豆丁,1
等价交换,1
钢炼,1
叹息之丘,1
漫画家,1
爆漫,1
Steins,1
石头门,1
助手,1
这本轻小说真厉害！,1
金融,1
货币战争,1
OP惊现东哥,1
头文字C,1
福原香織,1
不坑爹,1
美希,1
小胖,1
肯普法,1
炫动传播,1
我的朋友很少，后宫很多！,1
超级奶爸,1
哒,1
灵魂支柱,1
天然卷,1
猩猩,1
JUSTWE,1
JUMP唯一不太算崩坏的TV,1
学园万事屋,1
银魂后代,1
呆萌企鹅,1
黑马,1
帝企鹅,1
心情复杂,1
Hunter,1
けいおん！,1
大好き，k-on,1
强国源泉,1
妹子是精神食粮,1
意想不到的有趣呢。,1
猫咪先生,1
贵志与猫老师不得不说的二三事,1
最期待新番,1
友人帐,1
魔装少女就是本少爷！,1
這貨是僵尸嗎,1
2011年1月恶搞最强作,1
三无,1
脑残,1
笑到爆,1
强力STAFF,1
违和感,1
心之国的爱丽丝,1
QuinRose,1
毁原作,1
学园默示录,1
下限君你变成僵尸了,1
卖下限,1
男女都卖肉,1
中国动画的良心啊,1
KEI,1
下田麻美,1
认真和我恋爱,1
CAST碉堡了！,1
武道娘,1
武斗,1
中华肉包拳,1
天朝威武,1
另类历史剧,1
茶道,1
富奸义博,1
马鹿王子,1
王子,1
富樫義博,1
马鹿,1
圣乳炼金士2,1
肉作,1
女体男主,1
聖痕のクエイサーⅡ,1
放浪息子,1
性别认同障碍,1
文藝片,1
画面美,1
性识障,1
南里侑香,1
小夜？,1
blood+,1
大妈,1
2011七月番,1
宽叔遗作,1
FRACTALE,1
遗作,1
兄弟愛,1
骚年!,1
校园生活,1
心理戰,1
开司,1
臉能戳破紙,1
畫風微妙,1
ZAWA,1
食梦者玛丽,1
夢喰いメリー,1
女主萌,1
ZUN帽,1
好腰,1
兔虎,1
虎兔,1
大叔受,1
热血大叔,1
广告英雄,1
內涵治愈,1
解谜,1
脑力番Maybe,1
BTOOOM!惊爆游戏,1
疯人院,1
本乡奏多,1
友永和秀,1
背景精良,1
超译百人一首,1
百人一首,1
歌之恋,1
和歌,1
CV表略碉堡,1
人设很萌,1
老湿,1
良心,1
樱花庄的宠物女孩,1
美式英雄主义,1
四百大妈,1
四格漫,1
杀手萝莉,1
Busters!,1
Little,1
等得花儿都谢了,1
费玉清OP,1
教主,1
絶園のテンペスト,1
绝园的暴风雨,1
基园的暴风雨,1
丰永利行,1
乃木坂春香,1
乃木坂春香的秘密,1
碧阳既视感,1
添闷部,1
天国的key君,1
迷你版,1
挥舞着剑与球的少女们,1
武器拟人萌化,1
妹子,1
武器拟人,1
人设强漫画太多了,1
绯色的欠片2,1
BRAVE10～真田十勇士～,1
基情无误,1
听说CAST很华丽,1
真-福利,1
Studio.DEEN,1
巴达克,1
浅沼晋太郎,1
Special,1
Tales,1
全力卖萌,1
琴吹綾,1
照井春佳,1
佐々木忍,1
沒看全,1
勇敢传说,1
超能力足球,1
圣斗士踢足球,1
杀人足球,1
菲好可爱,1
新网球王子,1
无关网球,1
岸本齐史,1
火影剧场版,1
反穿越,1
战国大乱斗,1
自杀专卖店,1
白2,1
黑2,1
官方逼死同人,1
Sphere,1
夏色奇迹,1
M16,1
第11位前锋,1
炸弹,1
驯龙记,1
cartoon,1
马达加斯加,1
Hoods.Entertainment,1
吾王Saber最高,1
黄智龙,1
【6星】,1
广东原创动力文化,1
圣哥传,1
勿忘蛛,1
勿忘妹,1
恋研！~我们变成动画啦！~,1
圈钱大师既视感,1
就算是哥哥只要有爱就没问题对吧,1
DT,1
伊克西翁传说DT,1
ED,1
SAGA,1
邢旭辉,1
魔力家族,1
大小姐好萌,1
变态绅士的后宫史,1
橘绅士优雅的每一天,1
羞耻PLAY加强版？,1
+plus,1
金少爷,1
日野,1
全都长大了,1
中二天然呆,1
日野大大,1
OLM_TEAM_INOUE,1
久保田恵,1
高橋ナオヒト,1
超速变形,1
超速变形Gyro,1
精华,1
森邦宏,1
ED是,1
卖车番,1
超速变形GyroZetter,1
A1P,1
Zetter,1
2012-10,1
超能力麻将,1
saki,1
阿知賀,1
阿知贺篇,1
卖萌麻将,1
TARI_TARI,1
呆毛,1
一起一起这里那里,1
泉此方既视感,1
神身高差,1
奇怪的名字,1
工藤进,1
国产良心,1
微笑Q娃,1
面包之心,1
光明之心-幸福的面包,1
弱智,1
卖萌侦探,1
口水控,1
口水,1
复古,1
植芝理一,1
百合星人白井黑子,1
Darkness,1
好像会很奇怪的样子,1
迷一般的男猪脚,1
电影CM,1
阿萨谢尔,1
娜美,1
森田同学,1
となりの怪物くん,1
越獄兔,1
KanabanGraphics,1
基里连科,1
绝望先生,1
社会问题,1
军火女王第二季,1
开挂的小队,1
音乐赞,1
剧情赞,1
好作品,1
宇宙CQC,1
终于不是FLASH了,1
克鲁苏神话,1
笑,1
拜托了学姐,1
花名既视感,1
あの夏,1
流氓勇者的鬼畜美学,1
这就是僵尸吗2-地狱变,1
変態,1
これはゾンビですか？オブ・,1
恋爱随意链接,1
山寨轻音部,1
钓鱼版少年同盟,1
钓球,1
绫辻行人,1
伊東雜音,1
日本昔话,1
日本古老传说,1
知识向,1
传说,1
地上最强阿拉丁,1
マギ,1
魔奇少年,1
高级黑,1
非日本,1
硬盘无存货,1
评分略,1
忠诚！,1
12,1
今天天气不错我们来削弱刀妹吧,1
狼烟动画STUDIO,1
荒木伸志,1
调教,1
山根棱乃,1
ANiMix,1
ZETMAN,1
ToHeart2ダンジョントラベラーズ,1
舔爷,1
喝水番,1
史上最短新番,1
敢再短一点？,1
大叔,1
34秒,1
关西腔,1
我的大妈哪有这么可爱,1
关西腔教学,1
akb48,1
AKB48动画,1
神棍+神棍,1
反逆のルルーシュ,1
叛逆的鲁鲁修,1
妹控！！！,1
体育类,1
杀人的黄金左脚,1
ペガサス幻想ver.Ω,1
光之美少年,1
交响诗篇续,1
被狙击的学园,1
ねらわれた学園,1
Another-O0话,1
カードファイト！！,1
爱知是女主角！,1
VG,1
爱知由我来保护,1
櫂君,1
ペロペロ,1
2012春,1
先导爱知,1
爱知,1
轻腐向,1
ヴァンガード,1
爱妻软妹！！,1
图书馆战争,1
媒体良化法,1
蔻蔻,1
穷神,1
专业香菜黑,1
我只能呵呵,1
宇宙海贼,1
凶残的CV表,1
海贼,1
合法宇宙海贼,1
桐人,1
ソードアート・オンライン,1
機動戦士ガンダムSEED,1
看到鸡神我就滚进来了,1
节操何在,1
后宫王,1
诚哥小号,1
圣光君,1
おっぱい,1
丹特丽安的书架OAD,1
傲娇图书管理馆（）和好男人管理员,1
零·泪·雪,1
通灵男孩诺曼,1
Laika_Entertainment,1
Chris_Butler,1
SamFell,1
ChrisButler,1
莱卡,1
看过，印象不深,1
Sam_Fell,1
电影或剧场版,1
6-瑕不掩瑜,1
大桥志吉,1
6(+1),1
松本梨香,1
X,1
Robotics；Notes,1
ROBOTICS,1
12冬,1
今年流行僵尸么？,1
2012春番,1
石踊宏,1
小林英造,1
中国农村,1
3月,1
2012-04,1
动,1
阿姨洗铁路,1
创圣,1
28+1人,1
忠犬和傲娇幼驯染,1
钢索危情,1
欺凌事件,1
日式英语,1
鬼才知道标签名字该怎么取,1
教学片,1
御宅英语,1
萌单,1
这就是宅英语！,1
神奇的姐弟设定,1
设定各种奇葩,1
樱庭一树,1
学姐的本名到底是什么,1
－銀翼の覚醒－,1
拟人化,1
恋と選挙とチョコレート,1
食研后宫社,1
恋爱与选举与巧克力,1
黑魔女学园,1
泡两碗面番,1
马猴烧酒？,1
黑白2,1
2012年2月,1
Miku,1
天使jack,1
鳳凰の巫女,1
颠倒的帕特玛,1
純情ロマンチカ,1
间之楔,1
吉原理惠子,1
小透明,1
黑篮,1
红蓝,1
卖萌番,1
天理篇,1
女神篇,1
載安娜,1
萌菌物语,1
酿了你喔,1
黄昏少女×失忆,1
观望,1
给桃子的信,1
沖浦啓之,1
一卡牧师妹,1
夏雪密会,1
人鬼NTR,1
大原さやか,1
寡妇情结,1
姐弟恋,1
+模型姐妹,1
高能,1
模型姐妹,1
华丽一族,1
暗黑,1
体育向,1
Sacred7,1
BLOOD-C剧场版,1
少女们的机战,1
AGE,1
生天目仁美,1
鱼,1
恶心,1
自带福利,1
瓦斯的逆袭,1
苍蓝世界的中心,1
在苍色世界的中心,1
猎奇番,1
新京都篇,1
千岁GetYou,1
貓,1
卡拉赞,1
岡崎律子,1
弑神者,1
开挂,1
业界的良心,1
正片无误,1
李洛克,1
女主是宁次,1
官方有病,1
织田信奈的野望,1
日本战国,1
猴子乃死的好惨啊,1
猫神八百万,1
欧美剧场版,1
宫泽贤治,1
杉井ギサブロー,1
尺骨茎突,1
什么情况。。。还要日常4个月,1
歐美動畫,1
2B熊,1
翡翠森林狼与羊,1
剧场改,1
才不是冲着CV阵容去的呢,1
超有爱,1
爱因兹贝伦咨询室,1
爱丽丝菲尔,1
屌爆了,1
打斗场面，赞,1
大触作者,1
妖狐×我SS,1
狐,1
双炽,1
肉村,1
死肥宅,1
电击小说大赏大奖,1
小原正和,1
少女爱上姐姐,1
処女はお姉さまに恋してる～２人のエルダー～,1
CV表,1
全年龄版鬼父,1
听爸爸的话,1
好爸爸出没注意,1
零之使魔,1
露易蒂克絲,1
614,1
人类衰退之后,1
完美的母亲形象,1
碎节操,1
猩猩你不是又耍我们吧,1
冰菓,1
硬科幻,1
平田広明,1
海尔兄弟·续,1
园神,1
来自新世界,1
人类衰退之后？,1
吐槽帝再现,1
三癞子,1
银桑,1
伪物语,1
战场原荡漾,1
荡漾,1
垃圾君,1
西尾你赢了,1
刷牙,1
短发,1
不降智商,1
暴君青年史,1
菲特,1
經典,1
娘娘,1
夏目基友帐,1
蟑螂娘,1
远距离恋爱,1
玛丽莫之花~最强武斗派小学生传说~,1
Phi-Brain～神之谜题,1
探検ドリランド,1
三头身,1
探险Driland,1
大头娃娃,1
平野義久,1
平野义久,1
优先观看,1
C及以下,1
織本まきこ,1
久礼深雪,1
グリー,1
看看,1
四萝莉,1
儿时,1
黑星红白,1
是魔法使的话就吃味噌！,1
黎明录,1
唱到死,1
TV原创,1
1集便当,1
战姬死旗,1
美少女死神还我H之魂,1
伪H,1
亡国のアキト（仮）,1
亡国のアキト,1
コードギアス,1
侮辱智商,1
抗中神剧,1
MF文库J,1
数学渣压力很大,1
小圆,1
搞基？,1
CØDE:BREAKER,1
柴犬子,1
面还没泡好,1
年度奇葩,1
无存在感,1
Holy_Knight,1
宫崎摩耶,1
牛頭人,1
飞出个未来,1
BillyWest,1
17-,1
追,1
watches,1
Replica,1
日常杀闪祭天,1
黑暗骑士,1
老爷老了,1
StéphaneAubier,1
街机,1
2B青年欢乐多,1
syd,1
裸王,1
川上稔,1
贤姐,1
喵咪,1
圆滚滚,1
華鳥風月,1
美漫风,1
摇曳百合♪♪,1
娛樂部,1
萌娘满载,1
WOT,1
Panzer,1
アクタス,1
坂道上的阿波罗,1
jazz,1
三浦健太郎,1
烙印战士,1
庵野秀明八成也看不懂,1
看不懂就是神作,1
摩砂雪,1
动物番,1
神卡司！,1
北极熊cafe,1
北极熊,1
蘑菇你又缺钱,1
四格漫改,1
AIURA,1
闪电侠,1
冰雪奇緣,1
公主系列,1
C85,1
团地友夫,1
住宅區友夫,1
土0930,1
小学館ミュージック&デジタル_エンタテイメント,1
長谷川智樹,1
田尻健一,1
7.3,1
デジタル,1
小学館ミュージック&デジタルエンタテイメント,1
小学馆音乐及数码娱乐,1
小学館ミュージック,1
エンタテイメント,1
利根健太朗,1
小日置知子,1
翻转的Patema,1
六花,1
Asmik.Ace.Entertainment,1
TMS.Entertainment,1
我们仍未知道那天所看见的花的名字,1
看花名不哭就是没童年,1
这个神乐胸很大,1
欧派,1
零度战姬Vibration,1
自古肉番多燃曲,1
特例措置团体斯特拉女子学院高等科C3部,1
冰果,1
宅向,1
公务员,1
Servant×Service,1
高津カリノ,1
吐槽系,1
黑塔利亚第五季,1
脆莓公园,1
纯重口味,1
简洁,1
小蜘蛛,1
白色相簿,1
脱宅神作,1
和纱雪菜两党不能共存,1
战勇。,1
正剧出场,1
开虐,1
听爸爸的话！OVA,1
mega进化X,1
紅霧異變,1
第一神拳,1
结城信辉,1
女性,1
米老鼠,1
USA,1
2009-2013,1
北美动画,1
鼠,1
狗,1
岩田光央,1
堀内賢雄,1
日本动画电影,1
植田秀仁,1
声优战队,1
花开物语,1
来自风平浪静的明天,1
小魔法学园,1
二战主题,1
起风了,1
聖☆おにいさん,1
绝对防卫利维坦,1
漫画少女,1
柴刀,1
刀棍神域,1
猪猪侠之幸福救援队,1
夜樱四重奏月之泣,1
钢铁的复仇,1
崎元仁,1
电子管,1
吉田徹,1
高田裕一,1
Ankama_Japan,1
AnkamaJapan,1
宮崎亮,1
2013年Web·SP,1
幸运星,1
新遗作,1
呆萌,1
日语教学片,1
2013六月番,1
令人泪流满面的2D作画,1
吉村爱,1
恶魔阿莎谢尔,1
卫星社,1
玩具番,1
ガンダムビルドファイターズ,1
限制级杀手,1
催淚,1
Mikeinel,1
中村孝,1
女神异闻录3,1
ペルソナ3,1
血意少年,1
潜行吧奈亚子,1
温泉,1
小林可爱到爆,1
ARK9,1
炒菜番,1
大原沙耶香,1
坂垣伸,1
羽山淳一,1
各种元素混合体,1
アークⅨ,1
2,1
机器化的妖精们,1
网络,1
纸片人,1
尸兄,1
官方吐槽超多,1
完全只是为了搞笑而存在,1
泡面番升级,1
死亡台球,1
猫咪三三,1
杀老师,1
CAST神阵,1
AMNESIA(アムネシア),1
少女骑士物语,1
清水爱,1
恋爱研究所,1
深藏功与名,1
NTR小镇,1
希望的学园和绝望高中生,1
Chunsoft,1
水泳部,1
基阿尼,1
废基,1
足控,1
言语之庭,1
足,1
师生恋,1
言叶之庭,1
倉花千夏,1
花之歌,1
未来日记Redial,1
中二病也要谈恋爱！,1
机器人动画,1
石舘光太郎,1
高达age,1
好奇怪！,1
平井脸,1
银河机攻队,1
归宅部活动记录,1
真实之泪,1
风景,1
恋旅,1
琴浦小姐,1
才不是泡面番,1
乡村爱情,1
玉子超市,1
写真女友,1
穿透幻影的太阳,1
江苏卡龙动画,1
羞耻play,1
高铁英雄,1
京都出品，必属精品,1
变态王子与不笑猫,1
飒爽的变态,1
kantoku,1
失禁,1
M17,1
驱逐舰,1
国防,1
想成为世界最强,1
苍翼默示录,1
革神語,1
渡濑悠宇,1
狗与剪刀的正确用法,1
又见剪刀,1
OVA一夏的思念,1
鳥海浩輔,1
伽利略少女,1
n,1
地狱幼稚园,1
裁断分离之罪恶剪刀,1
妈妈这里有变态,1
小岩井ことり,1
竖笛与双肩书包3☆,1
2013年06月,1
萝莉控的福利,1
麻雀酒店,1
核爆默示录,1
默示錄題材,1
少女拯救世界？,1
阿基德,1
IS〈无限斯特拉托斯〉第二季,1
濒危物种少女,1
RDG,1
溫泉,1
Extra,1
百花繚乱,1
墨水,1
猎天使魔女血色命运,1
贝姐,1
狂欢节,1
黑色嘉年华,1
原始人,1
伊布,1
大家族,1
中川翔子,1
啊酱,1
松井亚弥,1
松井亜弥,1
机巧少女不会受伤,1
夜夜,1
機巧少女は傷つかない,1
日日夜夜,1
圣石小子,1
卑鄙的我2,1
环球影业,1
血咒圣痕,1
黑乃奈奈绘,1
Vassalord,1
LittleBusters,1
神魄,1
洛洛历险记,1
百变机兽,1
汽车人,1
学活,1
ガッ活！,1
小足球,1
井吹宗正,1
山田健一,1
小男孩既是正义！！,1
萨卡,1
山口健太郎,1
兵部京介,1
槽点遍地都是,1
报复腐女,1
BL漫画,1
~奴良组事始～,1
卢森堡,1
蔷薇少女,1
真红,1
水银灯,1
经典动画,1
橘田泉,1
2013年7月夏アニメ,1
我的妹妹哪有这么可爱！,1
A-1出品，品质未知,1
恶魔高校,1
GJ,1
悠悠式,1
芳文社拯救世界,1
小玉有起,1
Brain‘sBase,1
暴走漫画,1
14,1
魯邦三世,1
北斗神拳,1
ゝω・）★綺羅星,1
热风海陆,1
僕は友達が少ないNEXT,1
葵せきな,1
废燃,1
常住战阵!!,1
东京暗鸦,1
幕末义人传浪漫,1
時代劇,1
魔界王子,1
漫研社,1
奇葩,1
日日日,1
左,1
追番预定,1
心跳！光之美少女,1
玻璃假面,1
老漫画的崩坏,1
某人的目光,1
超青春姐弟s,1
D.C.III.,1
马戏团,1
革命机,1
怪物公司前传,1
八犬传-东方八犬异闻-,1
第08MS小隊,1
Q弟侦探因幡,1
爱杀,1
赤崎千夏,1
作死,1
噗哔啵,1
押切莲介,1
阳光中的青时雨,1
神不在的星期天,1
人鱼,1
京阿尼钱多的不行,1
Cars,1
DisneyToon_Studios,1
恶心萌,1
角质君,1
莫名的快感,1
听歌番,1
萌萌侵略者,1
三森铃子,1
海洋,1
DESTINY,1
超梦,1
17岁教,1
17岁教教主,1
193亿,1
苍树梅,1
卒业篇,1
神转折,1
奇诡万变,1
潜行吧!奈亚子w,1
恶之华,1
押見修造,1
SM女王,1
伪少女真青春,1
真岛太一,1
老虚,1
废怯烧酒小圆脸,1
三雲岳斗,1
辉夜姬物语,1
キルラキル,1
斩服少女,1
三大宅,1
我愿用一生节操换银他妈永不完结,1
银他妈不完结,1
战国兄贵,1
原哲夫,1
前田庆次,1
直江兼续,1
今川泰宏,1
河南正昭,1
火2540,1
KAZSIN,1
羽根広舟,1
SUMMER,1
历史衍生,1
平成警察,1
骗钱系列,1
恶魔幸存者2,1
TVB,1
问题儿童都来自异世界？,1
Sony.Pictures.Animation,1
百无禁忌,1
超人,1
银狐,1
未来福音,1
未那,1
竞速,1
Q版剧场,1
学英语,1
丹下桜,1
我女友与青梅竹马的惨烈修罗场,1
修罗场,1
脑内选项,1
绝对选项,1
中二命名法w,1
diomedeainc.,1
牛姨,1
2013夏,1
孝哥,1
2013春,1
兵长,1
鳳凰院凶真,1
助手最高,1
Steins；Gate剧场版,1
若林漢二,1
金色时光,1
青春纪行,1
竹宮ゆゆこ,1
世界的秘密,1
みなみけ,1
VIVIDRED_OPERATION,1
桃剑,1
反派主角,1
邻座同学是怪咖,1
邻座的关君,1
艾斯卡与罗吉的工作室黄昏之空的炼金术士,1
工作室系列,1
psychopass,1
兄弟战争,1
BROTHERSCONFLICT,1
搞姬日常,1
搞姬的日常,1
极度妹控,1
禁断兄妹,1
Pupa,1
魔法战争,1
剑灵,1
怪诞小镇,1
漆原友纪,1
超期待,1
日本动画（人）博览会,1
板野一郎,1
决带笑,1
上代务,1
JUMP·运动类,1
SilverSpoon,1
月刊少女野崎君,1
小泽亚李,1
山崎光惠,1
輝きの向こう側へ！,1
寄生兽,1
岩明均,1
寄生獣,1
洲崎綾,1
龙之谷：破晓奇兵,1
宇宙战舰大和号2199,1
爱情的真谛,1
吕克·贝松,1
童话改,1
uFund,1
MathiasMalzieu,1
StéphaneBerla,1
比利时,1
金田一少年事件簿,1
飛田展男,1
Go!Go!575,1
驯龙高手2,1
魔法少女大战,1
世界第一初恋,1
異次元の狙撃手,1
蛋黄哥,1
64,1
PM,1
西谷泰史,1
谢立文,1
西久保瑞穂,1
シドニアの騎士,1
樱Trick,1
我好兴奋啊,1
大百合时代☆,1
赛尔号,1
电审动字[2014]第017号,1
ねむれ思い子,1
空のしとねに,1
茶几Q娃,1
HybridChild,1
蠟筆小新,1
AdeventureTime,1
锁链战记,1
狂三美如画,1
OAD；狂三结婚,1
虚玄渊,1
望实与君雄,1
Kickstarter,1
糸曽贤志,1
圣诞,1
书法,1
次元大介,1
汤姆·摩尔,1
泡面番？,1
岸城二,1
浜虎,1
StuidioMIR,1
丰富的教养、高贵、清纯,1
Monty_Oum,1
众神的恶作剧,1
神々の悪戯,1
一周的朋友,1
虐男主,1
ClariS,1
白银的意志,1
生存游戏社,1
福利喵工作室,1
7人の魔書使い,1
星刻的龙骑士,1
触手触手,1
妖怪手表,1
愚者信长,1
玻璃之唇,1
恐怖残响,1
残響のテロル,1
M3~黑色之钢~,1
约炮大作战,1
輕小說,1
富樫美鈴,1
WakeUpGirls!,1
最新遗作,1
乐园追放,1
凭物语,1
朱鹭户沙耶,1
fsn,1
巴西,1
AE86,1
童年完结,1
布欧篇,1
兵長,1
无悔的选择,1
IBM,1
女帝,1
科学超电磁炮,1
电磁炮,1
Legend1-觉醒,1
银仙,1
繰繰れ!,1
萝莉小姑,1
花舞少女,1
夜来舞,1
花漾小屋百合开,1
和服,1
デンキ街の本屋さん,1
电器街的漫画店,1
高达G:Reconquista,1
Gのレコンギスタ,1
俄罗斯,1
外挂,1
岭上开花,1
全国編,1
魔王,1
少年漫,1
妖尾,1
甘城ブリリアントパーク,1
甘城辉煌乐园的救世主,1
今井一晓,1
亀田祥倫,1
四月最强番,1
大石美絵,1
高桥英则,1
平岡正幸,1
井内啓二,1
14夏,1
l-key,1
高考应援,1
十字路口,1
高考,1
CoMix.Wave,1
永居慎平,1
机器人少女Z,1
勝木光,1
姐姐来了,1
オレん家のフロ事情,1
島崎信長,1
地球队长,1
Batman,1
少司命,1
滨虎,1
b社的刚普拉广告,1
姐系,1
姐姐的妄想日记,1
テレコム・アニメーションフィルム,1
日本國有鐵道公安隊,1
InfiniteStratos,1
魔具少女!通,1
冈本伦,1
极黑的布伦希尔特,1
虐妹狂魔冈本伦,1
极黑的布伦希尔德,1
虐妹,1
夏恋战机,1
广井王子,1
不是国产,1
2014-10,1
2014年十月番,1
特殊,1
Next_Media_Animation,1
台湾国,1
広井王子,1
藤島康介,1
星期日,1
n+c,1
DMMd,1
DRAMAtical,1
寻找失去的未来,1
失われた未来を求めて,1
金色的琴弦3,1
暗榮,1
超级索尼子,1
索尼子,1
自然の敵P,1
Vocaloid,1
カゲロウプロジェクト,1
哥哥龙傲天，妹妹龙傲娇,1
王牌御史,1
笑对阴天,1
FALCOM学园,1
狼少女与黑王子,1
对某飞行员的恋歌,1
犬村小六,1
双马尾,1
我要成为双马尾,1
精灵使的剑舞,1
精霊使いの剣舞,1
尽管如此世界依然美丽,1
Studio.Pierrot,1
椎名橙,1
蒼井翔太,1
怪盗基德,1
孙渣,1
超有病,1
山田君与7位魔女,1
战勇,1
ニコニコ,1
春原ロビンソン,1
学问,1
森慎太郎,1
春原罗宾逊,1
W-toon,1
2014年Web·SP,1
学园怪物_狼男少女不会屈服,1
少年好莱坞,1
耻,1
五色战队,1
渡辺航,1
漆黑的子弹,1
黑色子彈,1
恶魔之谜,1
高河弓,1
大图书馆的牧羊人,1
八月社,1
大図書館の羊飼い,1
不是八月脸,1
米澤円,1
魔弹之王与战姫,1
世界征服谋略之星,1
星空めてお,1
小林智树,1
聖闘士星矢,1
常住战阵!虫奉行,1
看过的动画,1
战国无双SP,1
战国无双,1
战国无双SP真田之章,1
迷之质量与风格,1
TYOAnimationsInc.,1
OAD、SP及其他,1
2014年春,1
TYO,1
三坪房间的侵略者！？,1
樱花树下的时间胶囊,1
渡边真由美,1
绝灭危愚少女,1
犬神同学和猫山同学,1
人生相談,1
魔神之骨,1
羽原大介,1
1分钟弃,1
制作上有点烂,1
2014春,1
大西亮,1
楠大典,1
东映アニメーション,1
藏王大志,1
甜死了,1
影木荣贵,1
蟑螂,1
健全机斗士,1
田村由加利,1
噬魂师,1
噬魂师NOT,1
souleater,1
粗眉毛,1
2期,1
七灵石,1
宫崎吾郎,1
山贼的女儿罗妮娅,1
乌托邦,1
军武,1
端脑,1
烧脑,1
Keroro军曹,1
杉山紀彰,1
龙娘七七七埋藏的宝藏,1
我不受欢迎，怎么想都是你们的错！,1
白砂糖战士,1
信长之枪,1
拜托了老师,1
拜托了,1
淘米,1
古志斌,1
解说,1
简单易懂的魔法科,1
安野梦洋子,1
监督不行届,1
魔法辩护士,1
卡牌游戏,1
XIGNITION,1
陀螺,1
奥飞娱乐,1
mega进化,1
sega,1
世嘉硬件女孩,1
世界观宏大,1
魁拔妖侠传,1
东京ESP,1
天降已死,1
特典是本体,1
骗钱番,1
仙台エリ,1
市川淳,1
八寻裕子,1
中西彩,1
ZEXCS、STUDIOCOMET,1
可反复重温,1
Happy!,1
药片,1
西仓力,1
高橋ナツコ,1
古津美弥子,1
男主是女,1
狐仙,1
狐仙的恋爱入门,1
苹果核战记阿尔法,1
P3,1
转描,1
TOWNWORK,1
强迫症,1
荷包蛋的蛋黄什么时候戳破才好？,1
apr7,1
中村浩二郎,1
日暮茶坊,1
沼倉愛美,1
雾熊s,1
渕上舞,1
我的脑内恋碍选项,1
我的脑内选项正在全力妨碍学园恋爱喜剧,1
STRANGE+,1
漫研部,1
海岸线,1
海岸线工作室,1
机动战士高达桑,1
意呆立,1
伏八,1
坐等回忆杀,1
岸本斉史,1
节操一地,1
农林,1
榊一郎,1
昆虫,1
非日本动画,1
2013年秋,1
2020完成,1
节操喂狗,1
比较搞笑,1
但没有灵魂,1
鬼怪神魔,1
江口夏実,1
⑨,1
池頼広,1
日常系的异能战斗,1
異能バトルは日常系のなかで,1
花物语,1
18禁,1
画江湖之不良人,1
黑白无常,1
天体のメソッド,1
天体的方式,1
桥本裕之,1
全部成为F,1
森博嗣,1
偶像大师灰姑娘女孩,1
爱马仕,1
铳皇无尽的法夫纳,1
绝对双刃,1
アブソリュート・デュオ,1
创圣大天使,1
混沌之龙,1
TRPG,1
DRRR,1
择天记,1
帧数硬伤,1
百合熊岚,1
ユリ熊岚,1
橋本由香利,1
XY&Z,1
米谷良知,1
tosh,1
高桥龙也,1
アイドルマスター,1
ミリオンドール,1
百万偶像,1
不要碧莲,1
草泥马,1
创造bangumi的奇迹,1
三次元乱入,1
吃货必看,1
伊斯卡,1
雏蜂,1
马学,1
光学核心,1
魔法少女伊莉雅,1
台风的诺尔达,1
瀬名快伸,1
遊戲改,1
福尔摩斯,1
吸血鬼福尔摩斯,1
枪的假面舞会,1
剧场版Ⅱ,1
女高中生给你做饭了！,1
日野聡,1
圣剑使的禁咒咏唱,1
聖剣使いの禁呪詠唱,1
枪神斯托拉塔斯,1
苍穹的法芙娜,1
A-Pictures,1
军神,1
新作,1
オオカミ少女と黒王子,1
昭和风,1
做饭机器人,1
灵域,1
怪兽酒场,1
3D动画电影,1
忘了,1
待收,1
崛江由衣,1
恐怖！僵尸猫,1
第一人称视角,1
锻炼,1
动画锻炼！EX,1
青年黑杰克,1
Geass亡国的阿基德,1
彗星路西法,1
古味直志,1
平井臉,1
神作續章,1
古川慎,1
让你笑让你哭,1
灵魂的支柱,1
2015年10日,1
我被绑架到贵族女校当“庶民样本”,1
ALDNOAH_ZERO,1
村井さだゆき,1
新我们这一家,1
花妈好颜艺,1
けらえいこ,1
上田信治,1
小仓宏文,1
大武正枝,1
中村博,1
待下载,1
11-15,1
台配,1
岛田满,1
灵感少女,1
灵感！,1
石ノ森章太郎,1
山田由香,1
奥胁雅晴,1
SynergySP、ascension,1
2015年OVA·OAD,1
门司港一,1
追更,1
井口祐一,1
ウルトラスーパーピクチャーズ,1
USP,1
Studio云雀,1
洲崎西,1
洲崎绫,1
(西゜∀゜)アハハハハ八八ノヽノヽノヽノ＼,1
制作委员会成员bilibili,1
Charlotte,1
夏洛特,1
六花的勇者,1
山形石雄,1
重装武器,1
魔法少女奈叶ViVid,1
上坂堇,1
噬神者,1
原创角色,1
吹响！次中音号,1
今西隆志,1
服部隆之,1
魔物娘相伴的日常,1
里番末日,1
同人绝路,1
公主Q娃,1
科学小飞侠,1
俺物语,1
可塑性记忆,1
学园孤岛,1
海法纪光,1
翼下之风,1
其实我是,1
为什么猫都叫不来,1
飞机,1
樱子小姐的脚下埋着尸体,1
伊藤靜,1
不思议美眉,1
ランズベリー・アーサー,1
しいたけ锅つかみ,1
永谷优治,1
锅老师,1
好朋友,1
サワイ企画,1
永谷優治,1
Classroom☆Crisis,1
教室☆危机,1
神崎广,1
Exodus!,1
武藏野,1
滨虎SD,1
迷你浜虎,1
羽多野渉,1
一周目,1
浜虎SD,1
2015年Web·SP,1
上海今日动画影视制作有限公司,1
画江湖之灵主,1
纯洁的玛利亚,1
七つの大罪,1
怀疑人生,1
ExplosmEntertainment,1
动画（WEBCM）,1
一立动画,1
一万年以后,1
易立,1
須田裕美子,1
须田裕美子,1
VENUS,1
中山岳洋,1
project,1
杂破业,1
中西優香,1
201507,1
姫崎愛未,1
VENUS-PROJECT-CLIMAX,1
印象,1
早瀬莉花,1
温泉幼精箱根酱,1
尸兄第二季,1
电波教师,1
江戸川乱歩,1
乱步奇谭,1
龙珠系列,1
POI,1
小羊肖恩,1
粘土动画,1
黏土,1
死亡遊行,1
AngelBeats!,1
花之异变之章,1
金田一少年事件簿R,1
ゲート―自衛隊彼の地にて、斯く戦えり,1
MontyOum,1
干支魂,1
于彦舒,1
黑白无双,1
放課後のプレアデス,1
Studio·Pierrot,1
松本宪生,1
怪物之子,1
StudioChizu,1
後宮,1
萌神,1
落第骑士英雄谭,1
群居姐妹,1
绝命制裁X,1
魔鬼恋人,1
DIABOLIK,1
唱歌,1
跳舞,1
比基尼勇士,1
小森同学拒绝不了！,1
音乐制作bilibili,1
黄金魂,1
石仓贤一,1
東北新社,1
若林厚史,1
万由里审判,1
デート・ア・ライブ,1
中药,1
虚伪的假面,1
尸者的帝国,1
创势的大天使EVOL,1
三叔,1
神荼,1
夏天岛,1
动画心疗系,1
W-Toon·Studio,1
恶魔高校DxD,1
3期,1
女武神驱动,1
金子ひらく,1
没有下流概念的无聊世界,1
VOCALOID企划,1
御神乐学院组曲,1
LastNote.,1
小王子,1
DxD,1
DD北斗神拳2,1
大岛理惠,1
西田章二,1
草莓味+,1
没资源,1
一条和矢,1
山冈英仁,1
18年前5分,1
岩手县远野市,1
日程排期三级序列,1
故事少女惠乃花,1
【7星】,1
山田君与七人魔女,1
绯弹的亚里亚AA,1
爱国,1
兔杂,1
軍國主義,1
小双侠,1
反派反转,1
猪猪侠之五灵守卫,1
张苑,1
陆锦辉,1
王龙波,1
手冢真,1
宮本浩史,1
高木淳,1
樱桃小丸子,1
さくらももこ,1
青春×机关枪,1
那就是声优！,1
浅野真澄,1
伊欧娜,1
对魔导学园35试验小队,1
幸腹涂鸦,1
神教,1
pony,1
園田英樹,1
2015年07月,1
橋口いくよ,1
2015冬,1
林哲司,1
小野咸障,1
贤章,1
男团,1
原悠衣,1
若叶少女,1
和歌子酒,1
OfficeDCI,1
家有穆珂,1
孙悟空,1
大圣归来,1
齐天大圣,1
ef,1
PollyannaGraphics,1
无论如何都想加入生肖,1
西田大介,1
家庭向,1
头脑特工队,1
昭和元禄落语心中,1
CreatersInPack,1
骇客娃娃,1
APP改,1
城下町的蒲公英,1
花与爱丽丝杀人事件,1
苍井优,1
STEVEN,1
铃木杏,1
毫无疑问的神作，如果能扣分的话，最多也就画风扣一分,1
九星,1
政治正确,1
三只熊,1
大桥彩香,1
上松範康,1
harmony,1
working!!,1
萨满汪汪,1
藤田咲,1
纸片,1
雷霆宙域战线,1
菊地成孔,1
弱酸性百万亚瑟王,1
四格漫画改,1
猪爪慎一,1
古家和尚,1
重力眩晕,1
小林浩康,1
三原三千夫,1
魔物娘的同居日常,1
玻璃之花与崩坏的世界,1
村上隆,1
PONCOTAN,1
STUDIOPONCOTAN,1
岛津裕之,1
6HP,1
中川大地,1
池赖宏,1
17冬,1
片山慎三,1
懵逼,1
原優子,1
六心公主,1
稀有,1
华哥主役，码一哈,1
儿童色情,1
优先级c,1
石原壮马,1
石原壮馬,1
芳川弥生,1
沟口琢矢,1
小推,1
溝口琢矢,1
ドリフェス！,1
偶活男版,1
啦啦队男子,1
学战都市Asterisk,1
人狼暗号1951,1
高山克彦,1
高桥信也,1
高橋しんや,1
高山カツヒコ,1
田所梓,1
变种人,1
渡辺けあき,1
功夫熊猫3,1
美男高校地球防衛部LOVE！,1
星野桂D.Gray-man新シリーズ,1
驱魔少年,1
滨崎博嗣,1
亀井治,1
玛修,1
魔法少女育成计划,1
Muv-Luv外传,1
死亡黑标,1
任性HighSpec,1
石井久志,1
声优有声漫画,1
藤本冴香,1
寿司警察,1
SEDIC_INTERNATIONAL,1
当女孩遇到熊,1
双星之阴阳师,1
30秒,1
小松田大全,1
想通,1
神明之记,1
梅杰德大人,1
古埃及,1
QualiaAnimation,1
女神异闻录5,1
延尚昊,1
老虚行为,1
柳承龙,1
延相昊,1
李准,1
StudioDadashow,1
非日本動畫電影,1
沈恩京,1
韩剧,1
反转,1
怪兽娘,1
KINGOFPRISMbyPrettyRhythm,1
松浦麻衣,1
双月之城,1
龙沧文化,1
耽美？,1
伯纳德小姐说,1
房东妹子青春期,1
憋气番,1
半田清舟,1
八锹新之介,1
大岛博之,1
花上将吾,1
创意满分,1
童真,1
藤原啓治,1
矢島晶子,1
テトラ・FeverCreations,1
青池良輔,1
谷口充大,1
FEVERcreations,1
テトラ,1
新6分,1
彼岸岛X,1
青池良辅,1
速水奖,1
色彩缤纷忍者画卷,1
宫泽康纪,1
小林賢太郎,1
动画之卵2016,1
小林贤太郎,1
荒川真嗣,1
大叔与棉花糖,1
沓名健一,1
草野公纪,1
家庭乐,1
MarzaAnimationPlanet,1
保坂大辅,1
草野公紀,1
マーザ・アニメーションプラネット,1
不打分,1
千叶美玲,1
装神少女小缠,1
斯特拉的魔法,1
Regalia_三圣星,1
Qp:flapper,1
最弱无败神装机龙,1
沼田友,1
旅街晚间秀,1
Pandanium×NAMU,1
福克斯,1
《我叫MT》制作组,1
2015s,1
河村友宏,1
喜欢上你的那个瞬间。～告白实行委员会～,1
奇异太郎少年的妖怪绘日记,1
锅岛修,1
2016年剧场版,1
已發售,1
TOHO,1
污,1
邪道魔法少女,1
魔法护士小麦R,1
兄弟情,1
最终幻想15,1
FF,1
发条精灵战记天镜的极北之星,1
梦幻之星,1
TAF,1
薄桜鬼,1
薄樱鬼～御伽草子～,1
月曜日のたわわ,1
星期一的丰满,1
自衛隊,1
炎龍編,1
尾田栄一郎,1
食戟のソーマ,1
さがら総×橘公司×渡航,1
代号Qualidea,1
音聲改,1
无彩限的怪灵世界,1
声优业界,1
少女编号,1
罚抄,1
田中基树,1
野中正幸,1
橘色奇迹,1
田中我日你先人,1
BB社,1
ScaredRiderXechS,1
江户川乱步,1
TRICKSTER,1
魔装学园H×H,1
神圣之门,1
套路,1
百武装战记,1
有毒,1
谷口崇,1
画风猎奇,1
Bouncy,1
バウンスィ,1
魔法少女？Naria☆Girls,1
白猫,1
本田雅也,1
福岛利规,1
16秋,1
侍灵演武：将星乱,1
牌,1
中日合作牺牲品,1
朝仓海斗,1
佐藤光敏,1
侍灵演武,1
渡部稳宽,1
禁忌咒纹,1
チーム欲求腐満,1
大鱼·海棠,1
华风幻想,1
b&t,1
一课一练,1
迷家,1
龙心战纪,1
解密,1
天狗工房,1
解谜之音,1
福士直也,1
幸运逻辑,1
井上うえまつ,1
国漫佳作,1
R-18,1
不可燃物,1
菊池こころ,1
T3,1
王微,1
谷口宏美,1
水母食堂,1
Universal,1
欢乐好声音,1
日法合作,1
全片无对白,1
MichaëlDudokdeWit,1
战国鸟兽戏画,1
画集改编,1
精灵王座,1
乳皇之刃,1
特別番組,1
经验值,1
卖歌番,1
啪吹,1
天真与闪电,1
线上游戏的老婆不可能是女生,1
苍之彼方的四重奏,1
蒼の彼方のフォーリズム,1
青春波纹,1
信田ユウ,1
机动战士高达独角兽,1
黑色残骸,1
画江湖之杯莫停,1
12岁。小小的胸口心跳加速,1
看一半润了,1
조석,1
石膏,1
银河机攻队MAJESTIC,1
DigitalFrontier,1
杀戮都市,1
SQUARE_ENIX,1
动画短片改,1
她与她的猫,1
再动画化,1
幻想万華鏡,1
永夜異変の章,1
planetarian～星の人～,1
Porter_Robinson,1
中村明日美子,1
中村章子,1
小村敏明,1
虎面人,1
高木涉,1
超自然9人组,1
志倉千代丸,1
Flip_Flappers,1
小岛崇史,1
高桥未奈美,1
樱美胜志,1
灰与幻想的格林姆迦尔,1
宇宙巡警露露子,1
M·A·O,1
日月,1
松原秀,1
莱卡工作室,1
TravisKnight,1
Annehappy♪,1
萌豚饲料,1
法国片,1
画风好看,1
26,1
拳馆英雄,1
Périn,1
JérémiePérin,1
parasitosstand,1
Balak,1
福岛直浩,1
怪盗ジョーカー,1
小林由美子,1
咱们裸熊,1
卢恒宇和李姝洁工作室,1
planetarian～ちいさなほしのゆめ～,1
机动警察,1
乌冬面之国的金色毛毬,1
亜人,1
西村聪,1
VOLN,1
终末的伊泽塔,1
Dimension_W,1
羽海野チカ,1
君の名は。,1
你的名字。,1
君の名は,1
你的名字,1
黑暗森林,1
mc,1
只有我不在的街道,1
小忍,1
忍野忍,1
阿拉啦垃圾,1
暁なつめ,1
智障,1
緑川ゆき,1
武庚纪之逆天之决,1
女娲成长日记,1
吚呀~,1
山本蒼美,1
编舟记,1
三浦しをん,1
我叫坂本我最屌,1
屌神,1
最屌中学生,1
英雄解体,1
红壳的潘多拉,1
名和宗則,1
TVA衍生,1
プロダクション_リード,1
葦プロダクション,1
虹色时光,1
石上静香,1
大久保富彦,1
伊丹あき,1
ALL_OUT!!,1
神话怪谈,1
爆音少女,1
竞女,1
獣耳娘,1
健身,1
动画锻炼,1
营养跟不上,1
志村贵子,1
羁绊者,1
三轮士郎,1
钢之管弦乐,1
我的青春恋爱物语果然有问题续,1
この美術部には問題がある！,1
花样滑冰,1
在这世界的角落,1
历物语,1
Re：从零开始的异世界生活,1
Re：从零开始的休息时间,1
信长的忍者,1
アイカツ！,1
代号D机关,1
91Days,1
Live！Sunshine!!,1
声之形,1
校园欺凌,1
七原罪,1
摔跤社,1
张逸兴,1
英国一家，吃在正月,1
満仲由紀子,1
高津晴天,1
优先,1
竹本英史,1
広橋涼,1
吹原幸太,1
小马国女孩,1
优秀配乐,1
梶島正樹,1
天地無用,1
天地无用,1
秦时明月之天行九歌,1
筑紫大介,1
寒川步,1
五味伸介,1
マクロスΔ,1
SHOWBYROCK!!,1
戏言,1
戯言シリーズ,1
东北话,1
中7,1
凝羽动画,1
炸猪排DJ扬太郎,1
笠井健夫,1
冨士川祐輔,1
富士川祐辅,1
熊本彩加,1
富士川佑辅,1
ミニ番組,1
Team_Creative_Geek,1
小松由佳,1
三者三叶,1
喵楞,1
宇宙警探elDLIVE,1
汽车总动员,1
赛车总动员,1
古典音乐,1
Classicaloid,1
写实,1
刘健,1
超级弹丸论破2.5,1
狛枝凪斗与世界的破坏者,1
2007,1
高畑充希,1
單集長篇,1
有頂天家族2,1
悠久持有者！,1
衣笠彰梧,1
IKEAnimations,1
原奈津子,1
加藤諒,1
m.一集弃,1
丝缎女孩对谈,1
加藤谅,1
森りょういち,1
原田晃,1
风格独特,1
超短篇,1
人马少女的烦恼,1
武内崇,1
聖杯,1
宝石之国,1
声优阵容炸裂,1
市川春子,1
枯野瑛,1
加藤達也,1
珂朵莉,1
和田纯一,1
けものフレンズ,1
DaveMullins,1
戴夫,1
平静,1
Urara迷路帖,1
调教咖啡厅,1
伊达勇登,1
長濵博史,1
馬越嘉彦,1
梵蒂冈奇迹调查官,1
爱米,1
堀内隆,1
2017年四月番,1
沢城千春,1
头弃,1
高林ユーキ,1
石井マーク,1
17春,1
4,1
光头强,1
熊大,1
熊二,1
战斗女子高校,1
超游世界,1
不清不楚,1
扩张少女系三重奏,1
扩张少女系Trinary,1
竖屏,1
独自生活的小学生,1
我们的爱总是只有10厘米,1
2017年十月番,1
山本靖貴,1
机甲大师,1
VCB,1
DJI,1
2017秋,1
DAS,1
已收录,1
201710,1
DandeLion、GONZO,1
山下憲一,1
月见堂,1
少年锦衣卫,1
佐藤竜雄,1
品酒要在成为夫妻后,1
幻镜诺德琳,1
恋爱暴君,1
时空轮回,1
河野裕,1
sin七大罪,1
sin_七つの大罪,1
剑姬神圣谭,1
污恋,1
清恋,1
高山箕犀,1
，类似圣诞之吻,1
地狱少女,1
阎魔爱,1
高山文彦,1
ISSEN,1
雏子的笔记,1
将国之天鹰星,1
恋爱的白熊,1
监督,1
喵咪days,1
水果应援团,1
动作女主,1
Rick,1
Morty,1
丹尼哈蒙,1
灵剑山,1
花生人,1
十二大战,1
春宵苦短，少女前进吧！,1
大岛满,1
独占我的英雄,1
如果有妹妹就好了,1
NGNL,1
松冈,1
小川太一,1
吹奏乐,1
月色真美,1
时钟机关之星,1
南条爱乃,1
第一次的辣妹,1
捏造陷阱,1
东出佑一郎,1
Apocrypha,1
神怒之日,1
热情传说X,1
经费,1
2017年5月6日,1
骑士&魔法,1
变形少女,1
地下城与勇士,1
阿拉德：宿命之门,1
毁,1
Glamorous_Heroes,1
第1季,1
DROP,1
GlamorousHeroes,1
tysb,1
布施木一喜,1
带着智能手机闯荡异世界,1
REED,1
若林稔弥,1
益智,1
猜谜王,1
奥脇雅晴,1
国王游戏,1
福利番,1
宝儿姐~,1
サイエンスSARU,1
制作精良,1
珈百璃的堕落,1
动画之卵2017,1
机器学习,1
数据集,1
竹内浩志,1
江戸村ににこ,1
搞怪,1
拳皇,1
日本原作改编,1
acfun,1
短短短,1
藤子不二雄Ⓐ,1
妖怪公寓的优雅日常,1
洁癖男子！青山君,1
URAHARA,1
鲸鱼之子们在沙丘上歌唱,1
虐杀器官,1
Tiv,1
鬼平,1
时间支配者,1
人渣的本愿,1
人渣,1
奥浩哉,1
犬舍,1
笨女孩,1
攻壳系列,1
VR,1
松本慶祐,1
植草航,1
Pie_in_the_sky,1
Pie,1
2017年七月番,1
优先级Z,1
2017年Web·SP,1
松本庆祐,1
SKY,1
IN,1
THE,1
RWBY_CHIBI,1
我的妹妹是黄漫老师,1
网路胜利组,1
柳沼和良,1
雷霆宙域,1
电学,1
GAMERS电玩咖,1
R18,1
战国鸟兽戏画～乙～,1
关我碧事,1
悠久持有者,1
赤松健,1
工作中的女孩子三部曲,1
喵森染了粉毛回乡下搞旅游,1
樱花任务,1
関口可奈味,1
亚人酱有话要说,1
风夏,1
死女主,1
卡车,1
京风Tomato,1
冰海精灵之灯,1
大平峻也,1
吉田伸,1
乐高积木,1
C93,1
油画,1
至爱梵高,1
Cartmanba,1
butters,1
cartman,1
胖子,1
我受到了召唤，我必须回应，一如既往。,1
加拿大,1
阿富汗,1
CartoonSaloon,1
我的天劫女友,1
渡劫,1
银翼杀手,1
爽,1
鬼平犯科帳,1
スタジオM2,1
-鹫尾须美之章-,1
加茂靖子,1
村田蓮爾,1
路人女主,1
此花绮谭,1
久贝典史,1
SLIVERLINK.,1
卫宫家今天的饭,1
佐藤哲人,1
专治萝莉控,1
東亜重工,1
菅野祐悟,1
相对世界,1
樱木优平,1
野良和皇女和流浪猫之心,1
我和作者比命长,1
川又浩,1
血色苍穹,1
礼节性想看,1
快盗天使ツインエンジェル,1
荣耀,1
叶修,1
新撰组镇魂歌,1
室井ふみえ,1
ササキムリ,1
村田睦明,1
2017冬,1
室井富美江,1
二分之一,1
、腐女向,1
沖田,1
网瘾,1
监狱,1
杨教授,1
榎田尤利,1
不正经的魔术讲师与禁忌教典,1
M21,1
ピアシェ～私のイタリアン～,1
王者荣耀,1
萝球社の精神,1
天使的3P,1
烟花,1
零之魔法书,1
岛风,1
奇诺之旅,1
寓言,1
成人童话,1
佐藤照雄,1
Re:CREATORS,1
広江礼威,1
小林敦,1
NEWGAME,1
游戏制作,1
门胁未来,1
咕噜咕噜魔法阵,1
Bros.Animation,1
Warner,1
徳井青空,1
18if,1
武庚纪,1
画江湖之换世门生,1
降灵记,1
哇,1
星河战队,1
卡斯帕·范·迪恩,1
迪娜·迈耶,1
MARGINAL#4,1
少女周末授课,1
寿屋,1
黑白无双2,1
宅文化,1
动画同好会,1
LoveLive！Sunshine!!,1
秋叶原之旅,1
脱衣,1
游泳,1
柿原优子,1
本渡枫,1
DC新52动画电影,1
安藤健,1
斉藤佑圭,1
2018年一月番,1
绘梦、BLADE,1
守更,1
恋爱禁止的世界,1
实景动画,1
古董,1
京都寺町三条商店街的福尔摩斯,1
ISLAND,1
feel,1
Pierrot_PLUS,1
易小星,1
竹内良贵,1
精灵旅社,1
封神演义,1
国家队,1
02,1
坂本サク,1
魔性op,1
尴尬,1
Otomate,1
魔神Z,1
铃木木乃美,1
MAGES.,1
森田と純平,1
EKACHI_EPILKA,1
道口时间,1
无敌破坏王,1
山下明彦,1
STUDIO_PONOC,1
四宮義俊,1
四宫义俊,1
ingress,1
空岛,1
恋爱番,1
元朝,1
妖神记之影妖篇,1
达纪,1
伊佐佳久,1
高杉薫,1
18夏,1
驼鹿,1
門脇舞以,1
满福神社,1
约定的七夜祭,1
书店,1
国OVA,1
尾崎悟史,1
印度尼西亚,1
2018秋,1
REGENESIS,1
ポリゴン・ピクチュアズ,1
TMSEntertaiment,1
林汇达,1
很好看,1
学园奶爸,1
2018春,1
2018夏,1
福士誠治,1
ドラえもん,1
藤子不二雄,1
⊘日本,1
童年，直接10星,1
我的逆天神器,1
One_Room,1
寄宿学校的朱丽叶,1
御姐x正太,1
震雷动画,1
孙猛,1
牙斗兽娘,1
千绪的通学路,1
雷顿教授,1
PRODUCTION_REED,1
甜心战士,1
黑星紅白,1
刀女人,1
钢琴,1
后街女孩,1
轻松幽默,1
樋口真嗣,1
岩崎太整,1
A.I.C.O.,1
P5,1
天下第一？,1
君の膵臓をたべたい,1
牛岛新一郎,1
鈴木健一,1
铃木健一,1
BEATLESS,1
浅井ラボ,1
东京喰种:re,1
金木,1
妖怪旅馆营业中,1
HappyElements,1
オカモト,1
2018年9月,1
Studio.A-CAT,1
キャプテン翼,1
魔禁三,1
2018年四月番,1
中森晃太郎,1
アスラフィルム,1
高橋渉,1
Polygon_Pictures,1
轩辕剑,1
苍之涛,1
昨日青空,1
关于我女友是个一本正经的碧池,1
异世界魔王与召唤少女的奴隶魔术,1
西位輝実,1
梦王国与沉睡的100名王子,1
嫌パン,1
魔法少女已经很累了,1
圣斗少女翔,1
高橋郁子,1
佐桥俊彦,1
机器人少女NEO,1
ポエ山,1
三丽鸥男子,1
梱枝りこ,1
天狼_Sirius_the_Jaeger,1
Caligula,1
恶魔咩姆咩姆酱,1
沼田誠也,1
【5星】,1
四谷啓太郎,1
岩本里奈,1
高橋花林,1
2018冬,1
沼田诚也,1
Studio_VOLN,1
火之丸相扑,1
偶像大师SideM,1
ゼロジー,1
华人导演,1
迪士尼贴片,1
小木乃伊到我家,1
学园BASARA,1
大原実,1
大原实,1
三浦浩児,1
学園BASARA,1
18秋,1
sBase,1
美少男,1
MASTER_LIGHTS,1
窪之内英策,1
西屋太志,1
赤塚不二夫,1
ぴえろプラス,1
强风吹拂,1
三浦紫苑,1
RaphaelBob-Waksberg,1
AndyCoyle,1
Silvergate,1
恋如雨止,1
Aimer,1
倒A档,1
哈库梅伊与蜜珂析,1
東地和生,1
恶魔人,1
碧蓝之海,1
潜水动画（迫真）,1
文库唯一大赏,1
科学ADV,1
川村賢一,1
Studio_Colorido,1
上田誠,1
2018年十月番,1
石冢敦子,1
三期,1
BanG_Dream!,1
泪目,1
全年龄向,1
宇宙战舰提拉米斯,1
三颗星彩色冒险,1
变态女仆,1
粉切黑,1
Ezo’la,1
Happy_Sugar_Life,1
布罗利,1
废材王子,1
中澤一登,1
杀戮天使,1
鈴木健太郎,1
CITRUS,1
津田美波,1
High_School_D×D,1
白鸟士郎,1
赤座灯里是勇者,1
沙滩排球,1
爱吃拉面的小泉同学,1
情景喜剧,1
刻刻,1
大桥誉志光,1
德本善信,1
鬼太郎,1
中间管理录利根川,1
深川可纯,1
童年被摧残,1
(苏)动审字[2017]第023号,1
神兵小将,1
某僵尸少女的灾难,1
百炼霸王与圣约女武神,1
石原章弘,1
樱花忍法帖,1
我喜欢的是妹妹但不是妹妹,1
SAO+未闻花名,1
昴宿七星,1
富田美忧,1
欢迎来到加帕里公园,1
潜水,1
蓝海少女,1
韦斯安德森,1
偶像活动Friends,1
原书·原书使,1
社会人,1
18春,1
烈子可爱,1
天空与海洋之间,1
浊川敦,1
幽游白书,1
interested,1
坂井久太,1
中智仁,1
井上敏树,1
避雷,1
奴隶区,1
重庆,1
TMS-Entertainment,1
吉沢俊一,1
他重新定义了高达,1
高坂希太郎,1
黑社会的超能力女儿,1
皇帝圣印战记,1
水野良,1
轻羽飞扬,1
希儿,1
ハラダサヤカ,1
KenArai,1
渡边亚彩美,1
武内骏辅,1
铃木大,1
吉边尚希,1
ギャザリング,1
菊田幸一,1
中之人基因组,1
OVA再編集,1
女高中生的无所事事,1
赤﨑千夏,1
孩子们的冒险,1
深夜的超自然公务员,1
真夜中のオカルト公務員,1
渡邊哲哉,1
樋口達人,1
19.11.22,1
2019完成,1
2019.10,1
删除收藏时间线,1
3星,1
已看,1
翻拍,1
QQ秀,1
女教师,1
Tear_Studio,1
TwilightStudio,1
红小豆,1
GAINAX京都,1
浦岛坂田船的日常,1
内田裕基,1
松本憲生,1
少前,1
淫乱的青酱不能学习,1
八百万,1
adult_swim,1
爱、死亡&_机器人,1
DavidFincher,1
西山居,1
EGGFIRM,1
致曾为神之众兽,1
环战公主,1
dmm,1
书虫,1
本郷みつる,1
枪,1
YU-NO,1
飞翔吧！战机少女,1
复活的鲁路修,1
山岸大悟,1
辻村深月,1
百合元素,1
看见耳朵啦,1
菅野千愛,1
视美影业,1
吔我狗粮啦,1
玛娜利亚魔法学院,1
只要可爱即使是变态你也会喜欢我吧？,1
昊天扬威,1
松見真一,1
肌肉少女,1
彼方的阿斯特拉,1
扳机,1
Promare,1
柴田彰久,1
鈴木智尋,1
偶像企划,1
天蚕土豆,1
贤惠幼妻仙狐小姐,1
SEVEN.ARCS,1
bushimo,1
魔术学姐,1
贵乱,1
佐仓大法,1
高津幸央,1
高橋正典,1
全缉毒狂潮,1
鋼屋ジン,1
WIT,1
（反派）,1
アイドル,1
補記,1
2019冬,1
一周目结束,1
看男人,1
大島のぞむ,1
瀬戸麻沙美,1
北条司,1
城市猎人,1
中日合资,1
马克思,1
大眼珠子,1
宅文改,1
贤者之孙,1
偶像治国,1
哪吒,1
饺子,1
光线影业,1
兽娘,1
屑,1
加帕里公园,1
トマソン,1
Tomason,1
五十岚大介,1
free,1
虚空魔境,1
RADIANT,1
2019年秋季番,1
丑,1
大野木寛,1
櫻井親良,1
篠崎康行,1
重来吧、魔王大人！,1
消灭都市,1
東出祐一郎,1
ANIMA&CO.,1
神奇东出,1
纳兔裆下激突,1
鈴木清崇,1
長縄まりあ,1
某科学的一方通行,1
鎌仲史陽,1
刺客守则,1
玛丽苏,1
妹非妹精神续作,1
リド,1
EVA精神续作,1
POP子灵魂续作,1
特别篇2,1
一弦定音！,1
筝,1
JYAnimation,1
刘毛宁,1
深见真,1
塩谷直义,1
野﨑まど,1
三上哲,1
格林笔记,1
HOTZIPANG,1
宇木敦哉,1
CENCOROLL2,1
大炮破坏者,1
山崎理,1
Webアニメ,1
EugeneSon,1
饼,1
网络版,1
天华百剑,1
人间失格,1
塚田拓郎,1
桥本由香利,1
ラパントラック,1
赤根和树,1
赤根和樹,1
跟第一季没什么区别。,1
19夏,1
JérémyClapin,1
OS,1
MOV,1
西方电影,1
劇場版1,1
在2023,1
PhilLord,1
ChristopherMiller,1
Village_Roadshow_Pictures,1
MikeMitchell,1
ElizabethBanks,1
ChrisPratt,1
aa,1
DCUniverse,1
没有谭雅我要死了,1
法西斯主义,1
2渲3,1
Adventure,1
7分推荐,1
合家欢,1
必補,1
说教,1
雄兵连,1
小林雅仁,1
Dwarf,1
郭鹏,1
黄俊铭,1
郭敏棋,1
吴潮威,1
陈辉衍,1
富冈淳广,1
渡边正树,1
渡辺正樹,1
バトルスピリッツ,1
石川てつや,1
异界见闻录,1
緒乃冬華,1
BanGDream！,1
兵頭一歩,1
キラッとプリ☆チャン,1
満田一,1
林鼓子,1
森嶋優花,1
龙之子、东宇A&E,1
大岛克也,1
孤独地躲在墙角画圈圈,1
川柳少女,1
荒野的寿飞行队,1
大空的春风飞行队,1
硬核百合(求生）,1
Ezόla,1
美少女干啥系列,1
レスプリ,1
月見里智弘,1
裤袜视界,1
无限之住人,1
曽我準,1
天城サリー,1
曾我准,1
BAKKEN_RECORD,1
小畑貴裕,1
STRIKE,1
MONSTER,1
多罗罗,1
灵笼,1
山崎貴,1
DQ5,1
DQ,1
2019-09-20,1
2019年9月20日,1
胶,1
西行纪,1
百漫,1
国产3D,1
麦正乐,1
钟智行,1
百漫文化,1
港漫改,1
港漫,1
大白腿,1
总集篇+新画面(MV歌曲，变身合集，普通新画面等),1
照明,1
IlluminationEntertainment,1
照明娱乐,1
福岛GAINAX,1
大湊良蔵,1
明治东京恋伽,1
钢琴之森,1
山贺博之,1
～年轻信长～,1
中嶋敦子,1
みきとP,1
原画,1
白户佑辅,1
蝴蝶绮,1
C70点,1
女装大佬,1
中岛敦子,1
基番,1
旗扬！兽道,1
桌游,1
禁断之恋,1
家有女友,1
流石景,1
高濑智章,1
武庚纪之三界,1
渡部里美,1
美山加恋,1
2クール,1
我难道说，是史上最弱的大友吗？,1
10代,1
aikatsu,1
我们真的学不来！,1
二〇二〇年,1
無能なナナ,1
想个办法杀了他,1
粉切粉,1
无能的奈奈,1
绕口令,1
MineCraft,1
Science_SARU,1
かぐや様は告らせたい～天才たちの恋愛頭脳戦～,1
聚灵文化,1
有喜欢的人,1
异世界四重奏,1
灾难片,1
绫波丽,1
2020小宇宙新星计划,1
墨色,1
池田洋子,1
香村純子,1
期待在地下城邂逅有错吗Ⅲ,1
臭鼬,1
换头霸王,1
志村貴子,1
TearStudio,1
时光碎片,1
弩级战队HXEROS,1
宮崎吾朗,1
スタジオジブリ,1
非院线观看,1
安雅与魔女,1
寺島しのぶ,1
豊川悦司,1
Studio_Ghibli！,1
平澤宏々陸,1
Dan_Scanlon,1
卡邦文化,1
イマジニア,1
廣田裕介,1
豪势studio,1
豪勢スタジオ,1
2020年5月,1
火药方糖,1
李书宇,1
艹火车,1
むとうやすゆき,1
Sunrise_Beyond,1
SUNRISE·BEYOND,1
高达Game,1
傻逼动画,1
灰色:幻影扳机,1
民间传说,1
Andy_Coyle,1
Mercury_Filmworks,1
Silvergate_Media,1
希尔达,1
绿,1
篠原ぱらこ,1
碳变,1
奈飞,1
アニマ,1
RY,1
魔物娘,1
织田肉桂信长,1
岩井澤健治,1
灵笼:INCARNATION,1
韩漫改,1
高校之神,1
少女☆歌劇レヴュースタァライ,1
强袭魔女系列,1
最终季？,1
矢野孝典,1
喵森,1
沙村广明,1
广播,1
南川達馬,1
听着这电波,1
逼格类,1
藤原夏海,1
Cartoon_Saloon,1
Tomm_Moore,1
欧洲动画,1
真尼玛晦气,1
书虫的下克上,1
るーすぼーい,1
地质,1
硬核科普,1
アドネロ,1
中日合拍,1
神之塔,1
佐野隆史,1
唐澤和也,1
没有新房,1
松田彬人,1
田村耕太郎,1
タムラコータロー,1
安达与岛村,1
凡人流,1
川村元気,1
实用,1
rap,1
没落要塞,1
饲料,1
傲天,1
水無月すう,1
星掠者,1
白猫计划,1
无人能预测的原创舞台,1
Alicization篇,1
Underworld,1
原生家庭,1
成神之日,1
Na-Ga,1
第几集打棒球？,1
launch・BOX,1
小美野雅彦,1
人类近现代史的反思,1
漫改历史浓墨重彩的一笔,1
异兽魔都,1
林田球,1
ラブライブ,1
今泉賢一,1
傻之逼,1
R17漫改,1
LIDENFILMS大阪工作室,1
吉冈忍,1
ReBIRTH,1
优先级X,1
2021秋,1
2021夏,1
2021春,1
西本りみ,1
三话弃,1
邦男人,1
ドラゴンボール,1
BD1,1
死亡游戏,1
达尔文游戏,1
徳本善信,1
英雄王，为了穷尽武道而转生～而后，成为世界最强的见习骑士♀～,1
202X年,1
短,1
葛谷直行,1
K&KDESIGN,1
aqua,1
K&Kデザイン,1
ARIS,1
伊藤沙莉,1
奥村元,1
20冬,1
Twitter追加内容,1
松岡美里,1
宇崎酱想要玩耍！系列,1
2020年秋,1
中国大陆,1
2020年秋番,1
浅野恭司,1
模特,1
时装,1
服装设计,1
A3!,1
梦太公司,1
オリジナル・ビデオ・アニメ,1
続篇,1
平成26年~令和元年（平成31年）,1
2022完成,1
2020年01月,1
Nekopara,1
长月达平,1
因为太怕痛就全点防御力了,1
东汉,1
曹景,1
杨志刚,1
高7,1
上海美术制片厂,1
倪明,1
红小豆动画,1
疯狂原始人,1
玉川真吾,1
懒得看,1
鈴木やすゆき,1
安田贤司,1
虫笼的卡伽斯特尔,1
末世废土,1
紀伊カンナ,1
SEVEN_ARCS,1
城平京,1
高橋謙仁,1
藤咲淳一,1
GIRL学,1
2020夏,1
小田柚葉,1
有角色歌,1
日泡面番,1
40话,1
无OST,1
高桥谦仁,1
喜多幡徹,1
本多康之,1
河瀬茉希,1
秦时明月之沧海横流,1
鬼滅の刃,1
一堆坑,1
使徒子,1
大隈孝晴,1
神田川JETGIRLS,1
武右门,1
A级,1
田中正彦,1
4K,1
妖精种植手册,1
橄榄球,1
number24,1
魔神英雄传,1
神志那弘志,1
神话改编,1
久保帯人,1
冬目景,1
唐朝,1
偶像宅,1
清水久敏,1
体操武士,1
魔女之旅,1
古沢良太,1
镝木宏,1
攀岩,1
秋元康,1
羽原久美子,1
奇巧计程车,1
再放送,1
老活新整,1
竹书房,1
青木纯,1
Gambit,1
福田道生,1
EX-ARM精神续作,1
登山,1
VisualFlight,1
VegaEntertainment,1
捆绑,1
SlowCurve,1
初見浩一,1
櫻井武晴,1
厨神小当家,1
StudioDaisy,1
泽良辅,1
りょーちも,1
久野美咲,1
OVA&短片,1
EOTAstudiodaisy,1
高久麗,1
TV短剧,1
新田惠海,1
市道真央,1
太空,1
小说改，奇幻，p大,1
Priest,1
耽改,1
孙海鹏,1
眯眯眼,1
春日幽铃,1
2021y,1
猎魔人,1
巫师3,1
娘化,1
装甲娘战机,1
紫罗兰,1
残酷描写,1
中岛顺,1
奥运会宣传片,1
桥本晋治,1
GIVEN,1
乐队？,1
矢野奨吾,1
3渲2,1
文物,1
秘宝之国,1
魔术士奥芬的无赖之旅,1
补完,1
偶像大尸灰骨娘女骸,1
星球大战,1
朗读剧改,1
剧改,1
羽多野浩平,1
昭和男儿大战令和废物,1
极致作画,1
鹰角,1
架空世界,1
Megalo_Box,1
daviproduction,1
ワッチャプリマジ！,1
Fortiche,1
梦龙,1
桃子男孩渡海而来,1
藤井俊郎,1
少女歌劇レヴュースタァライト,1
看得见的女孩,1
-86-eightsix-,1
小瀬村晶,1
幼妻,1
大正,1
冲浪,1
江口寿史,1
怪物事变,1
LL,1
高橋敦史,1
円城塔,1
高桥敦史,1
中山敦史,1
相川奏多,1
侦探已经死了,1
栗原学,1
鈴木信吾,1
八田洋介,1
今井有文,1
暴死预定,1
闪光的哈萨维,1
刀使巫女,1
右翼狂欢,1
百万吨级武藏,1
約束のネバーランド,1
爱抖露,1
水球,1
高橋良輔,1
白井孝奈,1
CGCG,1
转生成蜘蛛又怎样！,1
BEE･MEDIA,1
钢之魂,1
盖塔,1
自由,1
虚拟印象,1
STUDIOJEMI,1
GiftAnimation,1
冰球,1
CraftEgg,1
吸引加拿大人看偶像動畫的陰(陽)謀,1
斉藤健吾,1
大姐姐,1
迦希女王不会放弃,1
2021年春,1
木緒なち,1
伊藤昌弘,1
三味线,1
B级：及格线,1
Summer_2021,1
陶艺,1
晓夏目,1
ppt,1
木村延景,1
オクルトノボル,1
风花雪月篇,1
2021年09月,1
辉夜大小姐,1
見里朝希,1
罚抄战力乱杀,1
WHITE-FOX,1
工作细胞black,1
工作细胞black，工作细胞,1
梅原英司,1
Vivy,1
dana,1
Aminder_Dhaliwal,1
猫头鹰魔法社,1
Stephen_Sandoval,1
Stu_Livingston,1
时光代理人,1
澜映,1
クール教信者,1
城所聖明,1
隐瞒之事,1
土田豊,1
RedDogCultureHouse,1
真百合,1
大今良时,1
むらた雅彦,1
独立短片,1
没诚意,1
studioCANDYBOX,1
StudioDURIA,1
英伦,1
扎心,1
滑板,1
荒井和人,1
逢田梨香子,1
11月,1
鸣鸟不飞,1
福熙影视,1
show_by_rock!!,1
抱胁,1
资本家,1
美术,1
SP剧集,1
精灵幻想记,1
原田彩楓,1
桑原由気,1
ワオワールド,1
HobbyJAPAN,1
高瀬裕介,1
补番（高优先）,1
いわきりなおと,1
一般,1
CoMixWaveFilm,1
二十世纪电气目录,1
LandQStudio,1
北川隆之,1
东京七姐妹,1
伊藤史夫,1
演剧,1
上田繁,1
Telecom,1
妖尾精神续作,1
真島ヒロ,1
三塚雅人,1
中島愛,1
眷思量,1
女性向作品,1
梦溪石,1
BL动画,1
伍六七,1
河野亜矢子,1
ずっと真夜中でいいのに。,1
渡邊巧大,1
2021年2月,1
古贺葵,1
大谷肇,1
神待少女,1
荻原沙優,1
救赎,1
市ノ瀬加那,1
上北学,1
衍生剧,1
半妖的夜叉姬,1
多媒體企劃,1
髙橋龍也,1
大场鸠,1
中沢一登,1
土日月,1
福士裕一郎,1
Playground,1
跑酷,1
爱莉希雅,1
2022剧场版,1
水手服,1
黒木美幸,1
博,1
福島祐一,1
川上大志,1
星野源,1
内海照子,1
警察,1
星野真,1
符腾堡公爵,1
奶龙是杀不死的,1
太好看了，有种缺了大脑的美捏,1
奶宇治,1
从零开始的魔法书,1
宝井俊介,1
冰,1
电子版,1
渡部周,1
刘宇昆,1
AMC,1
阿波卡利斯如是说,1
纯爱战士，我们误解你了,1
森佳祐,1
石谷恵,1
远藤达哉,1
手工,1
笔安一幸,1
篠原啓輔,1
福田晋一,1
筱原启辅,1
更衣人偶坠入爱河,1
佐野雄太,1
berserk,1
大理寺日志,1
手绘live,1
駱駝,1
樋口达人,1
吉田亘良,1
环太平洋：黑色禁区,1
烂片收藏,1
及格,1
可以的叭,1
20220504,1
中国制作,1
混合,1
ぐでたま,1
日画,1
荒诞,1
高桥秀弥,1
神南Studio,1
神月柚莉愛,1
ぴのあると,1
鬼,1
夏季番,1
柳沢テツヤ,1
化物语,1
甲級戰犯,1
屎片,1
椛島洋介,1
小书痴的下克上,1
同人动画电影,1
电动画TINKID,1
期待，据说是为了推翻星一设定,1
据说是为了推翻星一设定？,1
这不是星游记,1
电审动字[2021]第013号,1
戏说不是胡说，改编不是乱编,1
现代国产动画剧场版,1
冲出地球,1
期待,1
卖情怀,1
2022年6月,1
烂片,1
杜鹃的婚约,1
マーヴィージャック,1
独,1
AlfredImageworks,1
2024秋,1
AlfredImageworks、MarvyJack,1
轻蔷薇,1
池田臨太郎,1
军国主义,1
精日,1
艦これ,1
田中谦介,1
围棋,1
编剧逆天,1
央视动漫集团,1
（央）动审字【2020】第008号,1
孙晓松,1
马风清,1
长田宽人,1
摆烂,1
熊谷純,1
TEAMY,1
职业,1
長町英樹,1
氷上恭子,1
修真,1
这尼玛也配叫星辰变的？这玩意明明叫依托答辩！,1
第五季,1
理科生,1
石之海,1
盾勇,1
盾の勇者の成り上がり,1
又要笑出猪声了,1
不忍直视,1
青木純,1
芭蕾,1
天使降临到了我身边,1
西尾铁也,1
国术,1
搏击,1
虚拟影业,1
泰国,1
PJSK,1
药学,1
棒读,1
年番&大长篇,1
川崎芳樹,1
佐伯伊織,1
樱井亲良,1
莎木,1
2022下半年中日合拍,1
八目迷,1
朋友游戏,1
夏日重现,1
公主连结,1
丘野塔也,1
青之芦苇,1
佐藤阳,1
LINDERFILMS,1
migmi,1
格鲁特,1
MarvelComics,1
剧场电影预热,1
日韩合作,1
山井紗也香,1
致不灭的你,1
老虎和兔子,1
加瀬充子,1
西田征史,1
加濑充子,1
2022.10,1
NETFILX,1
池赖广,1
沙雕番,1
爱、死亡&机器人,1
Morfonica,1
润,1
山本崇一郎,1
角地拓大,1
丸户老贼是块宝冈妈看了都说好,1
天文台动画,1
HMCH,1
徐碧君,1
居家必备,1
FENZ,1
待补,1
为了复活女儿毁灭世界,1
结婚后家庭生活事变警惕案例,1
UchuPeople合同会社,1
完美世界,1
玛奇玛,1
好想当玛奇玛小姐的狗啊,1
尸体在说话,1
好耶,1
电锯人,1
没想到这个还能出第二季,1
星际牛仔,1
柳瀬雄之,1
炼气,1
刺猬猫阅读,1
哔哩哔哩,1
エイトビット,1
j.值得且只值得看一遍(3星),1
史莱姆,1
転生したらスライムだった件,1
黑袍纠察队,1
多种画风,1
恶心可能,1
好笑,1
祖国人,1
残酷,1
无限流,1
暗芝居衍生作品,1
ILCA、yell,1
怪兽档案,1
看过1话,1
幻想三国志,1
町谷俊輔,1
国游改,1
2022冬,1
冬季,1
待上映,1
2021-10,1
町谷俊辅,1
残忍,1
冬季番,1
AlcedoAlcy,1
OZ,1
碇谷敦,1
东京猫猫,1
霜山朋久,1
江南,1
龙族,1
横浜AnimationLABO,1
圣剑传说,1
青木悠,1
放飞小高,1
岩田和也,1
林永长,1
md28236490,1
庄昊,1
电审动字[2021]第046号,1
异性恋,1
女同性恋,1
长山延好,1
P.I.C.S,1
ARCHIVE,1
疯狂动物城,1
大西健太,1
Hololive,1
W-Toon_Studio,1
2022年05月,1
駒田由貴,1
光辉魔女,1
二人的白皇,1
山本崇一朗,1
不含月铃姐妹,1
Chunithm,1
宇崎学妹想要玩！,1
Deemo,1
宫地昌幸,1
第15部,1
没看头,1
TX,1
日式冷吐槽,1
大西亜玖璃,1
这个医师超麻烦,1
赛马,1
中华风,1
爽番,1
足球风云,1
北村淳一,1
中村憲由,1
罗马浴场,1
长安汽车,1
原神,1
暗影精灵,1
罕见,1
英雄故事,1
OVERWATCH,1
河本有聖,1
身体互换,1
纸飞机动画,1
爽剧,1
辰东,1
四,1
发刀子是吧,1
福西勝也,1
DOTA,1
三分,1
小黄人大眼萌,1
北美,1
amphibian,1
松本淳,1
遗迹守护者,1
优先级2,1
王朋交,1
萌妻食神,1
看,1
虚構推理,1
XX,1
高嶋宏之,1
酒向大輔,1
酒向大辅,1
竟然是高达！,1
相合之物,1
社恐,1
孤独摇滚,1
莲井隆弘,1
蓮井隆弘,1
有望打破bangumi恋爱喜剧评分上限的动画,1
灌篮高手,1
井上雄彦,1
河合滋樹,1
河合滋树,1
新世界的神,1
纸片人文化中首屈一指统一全人类审美的雅俗共赏神作,1
野木亚纪子,1
亀井隆,1
安藤尚也,1
说唱,1
异世界悠闲农家,1
榎户骏,1
坂诘嵩仁,1
三国题材,1
林嘉姬,1
kadokawa,1
池田由纪,1
池田ユウキ,1
窗边的小豆豆,1
StudioM2,1
河口俊夫,1
爱马仕板载！,1
廖程芝,1
天麻ゆうき,1
日向未来,1
物理,1
袁天罡,1
東宝,1
巴勃罗·贝格尔,1
dwarfstudios,1
小川育,1
中山直哉,1
推しの子,1
（浙）动审字（2023）第040号,1
ふでやすかずゆき,1
シャングリラ・フロンティア,1
胡宗迪,1
硬梨菜,1
大木比呂,1
7月新番,1
喜剧片,1
谜语人,1
搞笑片,1
伊藤瑞希,1
変態紳士クラブ,1
2分,1
降智,1
爱上火车,1
西见祥示郎,1
evg,1
Powerhouse_Animation_Studios,1
zzzq,1
无续集,1
神秘学,1
Sam_Deats,1
森田宏幸,1
ARECT,1
YAKITORI,1
安保英樹,1
2023年5月,1
堺三保,1
坂泰斗,1
短动画,1
不相信人类的冒险者们好像要去拯救世界,1
壁水羽,1
灵叁伍动画,1
国王排名,1
水中雅章,1
中韩合作,1
封面党,1
中资韩制动画,1
死不如狗,1
会沢紗弥,1
过膝袜,1
p9,1
闪之轨迹,1
消防,1
机战少女,1
足球小將翼,1
大空翼回来了,1
2023-10,1
小野勝巳,1
世界名作剧场,1
鬼头明里,1
生化危机4,1
SP系列,1
2023冬,1
特工,1
16,1
石馆波子,1
久保同学不放过我系列,1
泽田裕太郎,1
鸭乃桥论的禁忌推理,1
物理魔法使马修,1
種崎敦美,1
小森香织,1
GALGAME科普,1
佐久間貴史,1
2023年2月,1
小川孝治,1
炼金工房,1
肉腿,1
腿,1
工作女孩系列,1
芦名みのる,1
陰の実力者になりたくて！,1
芦名稔,1
暗影大人,1
骨王,1
逢沢大介,1
丸山くがね,1
不死不幸,1
小中千昭,1
青崎有吾,1
镇魂街第三季,1
SPY×FAMILY,1
原田孝宏,1
猫眼三姐妹,1
母女,1
镖人,1
亡骸游戏,1
大庭秀昭,1
AI动画,1
能动就行,1
滨名孝行,1
剧情弱智,1
二等,1
最强阴阳师的异世界转生记,1
愤怒的香蕉,1
我心里危险的东西,1
松下周平,1
御所園翔太,1
御所园翔太,1
物物语,1
平野宏樹,1
杰里米·佩林,1
火星特快,1
Laurent.Sarfati,1
Everybody_On_Deck,1
Philippe.Monthaye,1
EverybodyOnDeck(France),1
PlumeFinance(France),1
GebekaFilms(France),1
JeSuisBienContent(France),1
Fred.Avril,1
France3Cinéma(France),1
EV.LProd(France),1
StudioIgloo,1
IglooStudio,1
暗黑宝可梦,1
NatYoswatananont,1
精讲,1
任天堂,1
马里奥,1
小鳥之翼,1
BUGFILMS,1
综艺改,1
综艺改编,1
暮田公平,1
百合后宫,1
南川达马,1
天官赐福,1
本多真,1
太田垣康男,1
庙不可言,1
青木弘安,1
巨兽,1
BULLBUSTER,1
小黒晃,1
DigitalNetworkAnimation,1
令和,1
日原あゆみ,1
WITSTUDIO、SIGNAL.MD,1
キズナアイ,1
BB,1
邻人似银河,1
大野悟,1
松浦直紀,1
手机侠,1
はたらく魔王さま!,1
藤丸立香啥都不知道,1
广江启辅,1
柔道,1
荻原健,1
CompTown,1
FRONTIERENGINE,1
续章,1
東森勇二,1
奥翔太郎,1
纪录片,1
ちな,1
2023年6月,1
柯哀,1
伊甸星原,1
地狱乐,1
牧田佳織,1
牧田佳织,1
石井百合子,1
君艺心动画,1
反英雄,1
十月文化,1
1025,1
md20328226,1
大陆,1
无心,1
須貝真也,1
三池崇史,1
一集棄,1
サブリメイション,1
埃及神明们的日常,1
久保田雄大,1
teamYamahitsuji,1
糖人家,1
中国奇谭,1
GlitchProductions,1
寺泽和晃,1
BASTARD,1
爱门,1
第二次被异世界召唤,1
公交车,1
狗血设定,1
剃须精神续作,1
最后一舞,1
石見舞菜香,1
木野目優,1
加藤大志,1
转生恶役,1
武藤健司,1
HOTLINE,1
绊爱,1
洛水花原,1
稲葉友紀,1
间谍教室,1
OVA-02,1
StudioKADAN,1
土海明日香,1
騎虎,1
NetflixAnimation,1
声光骑士,1
板津匡覧,1
勇者赫鲁库,1
欢乐向,1
七尾ナナキ,1
误解,1
和武はざの,1
野呂純恵,1
不要欺负我，长瀞同学,1
片桐崇,1
大知慶一郎,1
数学,1
索尼,1
拾荒者的统治,1
先行放映,1
雾山五行,1
輝夜姬想讓人告白,1
老夫也好想变成女孩子和女孩子贴贴,1
一个时代的落幕,1
那种事情不要啊,1
森大貴,1
森大贵,1
幼女偶像,1
铁窗P,1
桃华妈妈,1
霸权社,1
魔王学院の不適合者,1
我內心的糟糕念頭,1
石谷惠,1
吉澤翠,1
吉泽翠,1
齿轮映画,1
润物定格,1
绿怪研,1
中园真登,1
中園真登,1
九井谅子,1
宫岛善博,1
宮島善博,1
败犬,1
北村翔太郎,1
雨森たきび,1
山代风我,1
宇田钢之介,1
后会有七,1
浅野一二〇,1
双城之战,1
2024年11月,1
加菲猫,1
DNEG,1
（鄂）网动审字（2023）第018号,1
12:00,1
水,1
什么玩意,1
白蛇,1
平安夜的噩梦,1
SPICE动画,1
神偷奶爸,1
卑鄙的我,1
10:00,1
佐藤昌文,1
未发售,1
日本剧场版动画已看合集,1
佐佐木忍,1
未播,1
优酷,1
天使(神漫),1
铃木理人,1
满仲劝,1
藤原ここあ,1
半原创,1
松井優征,1
KONAMIANIMATION,1
朝冈卓矢,1
辣妹,1
平冈正浩,1
JUMP+,1
無職轉生,1
渋谷亮介,1
钓鱼佬,1
铃木智寻,1
神经,1
动画工房创立50周年纪念作品,1
屋久ユウキ,1
月光下的异世界之旅,1
魔奴嫁,1
ABO,1
梦工场,1
欧美动画电影合集,1
ChrisSanders,1
弱势角色友崎君,1
福山大,1
2025,1
长田绘里,1
木村畅,1
关口可奈味,1
甜,1
寿門堂,1
杀手寓言,1
石川俊介,1
摇曳露营,1
登坂晋,1
平野俊貴,1
倪佳菲,1
19:00,1
Industrial_Light_and_Magic,1
2024年9月,1
调酒师,1
Liber,1
倉谷涼一,1
幾田りら,1
浅野一二0,1
あの,1
ATRI,1
大塚剛央,1
ブルーアーカイブ,1
A-1Pictures，漫改，2023，韩漫，爽文,1
中重俊祐,1
100studio,1
通灵王,1
青山吉能,1
StudioOutrigger,1
雀魂,1
STUDIOPOLON,1
HayabusaFilm,1
反人类,1
6.5分系列,1
EMT,1
小川优树,1
tomboy,1
肌肉魔法使,1
永冈智佳,1
咕咚动漫,1
影之诗F,1
5.5,1
磯崎輪太郎,1
春季,1
山村響,1
夏季,1
（浙）网动审字（2024）第010号,1
很无聊,1
便宜动画预定,1
久慈悟郎,1
凑未来,1
小野胜巳,1
俄语,1
腼腆英雄,1
SHY,1
光芝居,1
TVA-03,1
亮芝居,1
1月新番,1
恐怖猎奇,1
豊田萌絵,1
巫女,1
奥田佳子,1
利姆露谈治国理政,1
开会,1
Elias,1
ROLL2,1
MarugaFactory,1
石山タカ明,1
宮本侑芽,1
腾讯视频,1
狗卡,1
丢脸,1
三国杀,1
篡改历史,1
我们三国杀玩家低着的头终于断了,1
蒸蒸日上,1
（沪）网动审字（2023）第048号,1
边追边看,1
无语,1
下饭,1
史,1
マカリア,1
チームOneOne,1
神田伯山,1
延期,1
芹澤優,1
冢原重义,1
地心说,1
山下敦弘,1
MiyuProductions,1
2024年3月,1
宫胁千鹤,1
直肠哥们友情赞助,1
淳皇鬼后,1
山井纱也香,1
鈴代紗弓,1
筋肉人,1
さとう陽,1
TVA-01,1
ゆでたまご,1
復古番,1
摔角,1
『キン肉マン』完璧超人始祖編,1
金肉人,1
男娘,1
むぎ秋田アニメLab,1
宫下隼一,1
字母M,1
TMS娱乐,1
本格,1
宮下隼一,1
STUDIOMASSKET,1
StudioAdd,1
緒方隆秀,1
真岛浩,1
西田正义,1
终结者,1
24夏,1
Production.I.G，原创，WEB，科幻，欧美，战斗,1
未上映,1
藤子F不二雄,1
Voil,1
seed,1
Re：從零開始的異世界生活,1
白坂英晃,1
熟女,1
吉原達矢,1
落凡尘,1
咏声动漫,1
牛郎织女,1
浮世绘,1
现代,1
羊廷牧,1
2周目,1
伊部勇志,1
上野壮大,1
义妹生活系列,1
狼与香辛料,1
狼と香辛料,1
周达炜,1
横嶋俊久,1
鬼滅之刃,1
【我推的孩子】,1
金森阳子,1
NieR:Automata,1
恶魔，地狱，黑色幽默,1
电车,1
无法预测的命运的舞台,1
虹咲,1
